split,method,n_cases,n_rows,dice_mean,dice_median,dice_std,iou_mean,iou_median,iou_std,precision_mean,precision_median,precision_std,recall_mean,recall_median,recall_std,pred_vol_cm3_mean,pred_vol_cm3_median,pred_vol_cm3_std,gt_vol_cm3_mean,gt_vol_cm3_median,gt_vol_cm3_std,pred_to_gt_vol_ratio_mean,pred_to_gt_vol_ratio_median,pred_to_gt_vol_ratio_std,n_components_mean,n_components_median,n_components_std,largest_component_fraction_mean,largest_component_fraction_median,largest_component_fraction_std,dice_ci95_low,dice_ci95_high,family
dev,v1_lcc,159,159,0.5876055302998433,0.7009968086363816,0.2813260819662865,0.4651046481146086,0.5396420988777677,0.2512626173950812,0.6037265579071331,0.7094635615240779,0.3140505851351163,0.660533873861263,0.7662735849056603,0.3016845917043707,28.998338500454167,13.492779776110348,39.16966282405757,27.846511393517343,11.200298614802886,43.306310802881,1.7289242427329687,1.1393491344082023,2.3686988178104778,1.0,1.0,0.0,1.0,1.0,0.0,0.5465650003611529,0.6333273547054163,lcc
dev,v1_raw,159,159,0.5546450335831139,0.6106967148071735,0.2257176057791524,0.4153585345778191,0.4395704820653415,0.2059892508936051,0.5235084014883437,0.554838361195884,0.2683937024792413,0.7350442393769848,0.8089674771076729,0.2262480401989796,34.61911879005182,18.239375395327805,43.98070730014798,27.846511393517343,11.200298614802886,43.306310802881,2.349299774382916,1.341172945846753,3.169613642993062,133.0691823899371,86.0,163.77644223637833,0.8025269234223299,0.8567724410421039,0.1834965984528311,0.5204021949389322,0.5903410551799971,baseline_raw
dev,v1v2_intersection,159,159,0.5630650593770928,0.6279037800687285,0.2225577825420452,0.4229215940985381,0.4576237227008615,0.2041499398301438,0.5428274295005624,0.5889826315008164,0.2658208146180035,0.7243948888136861,0.797881010594947,0.2272117930650734,33.14397319446604,16.28491410217282,41.70259959925825,27.846511393517343,11.200298614802886,43.306310802881,2.1814246855468347,1.3284101277372264,2.969151545922949,126.72955974842768,85.0,149.76241460911277,0.8049673466942504,0.8637757336837495,0.1825412074945235,0.5289009113550379,0.5972521837897818,v1_v2_intersection
dev,v1v2_intersection_lcc,159,159,0.5953687439510518,0.7123674535088187,0.2784771320808332,0.4723328882302644,0.5532381543554727,0.2494170932632252,0.6241908054764879,0.7234509230488028,0.308724598235535,0.6539616291430866,0.7611132586006958,0.301436758405775,28.1375535732609,13.19814685089511,38.5726181691745,27.846511393517343,11.200298614802886,43.306310802881,1.6107077453825025,1.1049432215008148,2.2457238147296947,1.0,1.0,0.0,1.0,1.0,0.0,0.5524723055457227,0.6400055885555415,lcc
dev,v1v2_union_lcc,159,159,0.5927743283742093,0.7097714174706987,0.2779898282108749,0.4694910988951256,0.5501129234629862,0.2491669718549819,0.6069373341708327,0.7094463331714425,0.3103644287763585,0.6684495153931002,0.7813144034806503,0.2981502240064356,29.222679313395084,13.752641054467128,39.19456557262077,27.846511393517343,11.200298614802886,43.306310802881,1.7531676159491123,1.1423076923076922,2.377329053668632,1.0,1.0,0.0,1.0,1.0,0.0,0.5521846410476414,0.6376313462885578,lcc
dev,v2_cond_lcc_largestfrac_le_0p5,159,159,0.5768654813690209,0.6563995048566427,0.2349904435866506,0.440019588581918,0.4885377068773758,0.2140573007403969,0.5595165819209983,0.6223581326933498,0.2709755421419443,0.711960733309049,0.7940833576216847,0.2482086549936028,32.38953099886009,15.911336080669674,41.95186127275272,27.846511393517343,11.200298614802886,43.306310802881,2.010994661930332,1.276013143483023,2.790733450714638,114.96855345911948,77.0,147.56322058069702,0.8526645679209791,0.904175742401575,0.1481860808509376,0.5404281123916916,0.6134275306732853,lcc
dev,v2_cond_lcc_largestfrac_le_0p6,159,159,0.5751638093550797,0.6620192013697792,0.2523787584192954,0.4429529661850496,0.4947897623400366,0.2262903789303943,0.5683180098926623,0.646460262345679,0.2834123470900884,0.690534479596309,0.7904352498656636,0.2742516486027317,31.507838102306195,15.20263671875,42.05573454454453,27.846511393517343,11.200298614802886,43.306310802881,1.8821787226320417,1.2228459091026669,2.6990700286057603,102.13207547169812,63.0,146.58622179573595,0.8992864523661293,0.9396065922381712,0.1086762711204782,0.5368766878207204,0.6144663608926544,lcc
dev,v2_cond_lcc_largestfrac_le_0p7,159,159,0.5797150493525901,0.6660465506630112,0.2628458806169582,0.4506775253876877,0.4993026938039364,0.2344599563412082,0.5809847981712555,0.6621517359622803,0.2919557485060672,0.6751842283531211,0.7713357559740117,0.2893797034042252,30.73902762893766,14.710353650177526,41.91602455106781,27.846511393517343,11.200298614802886,43.306310802881,1.794904215803627,1.1769041769041768,2.581804884287291,84.937106918239,47.0,136.28575180849788,0.9274275927677216,0.9661551397939878,0.0830412797572287,0.5389788089938263,0.618626296089334,lcc
dev,v2_cond_lcc_largestfrac_le_0p8,159,159,0.5881482404067921,0.6969490438199094,0.2683327121461964,0.4611624145325749,0.5348593932681066,0.2393355196891629,0.5973459256490028,0.6768783542039356,0.2976316129884259,0.6695824337849646,0.7669275866512048,0.2940343440539762,29.85155594266988,14.365752796735617,40.043691592111294,27.846511393517343,11.200298614802886,43.306310802881,1.745727959728217,1.149487643158529,2.568882251420312,64.1006289308176,33.0,83.65890624756369,0.9538682491437546,0.9838330800055272,0.0583433364559453,0.5456198179480838,0.629880560733033,lcc
dev,v2_cond_lcc_largestfrac_le_0p9,159,159,0.5951945102154462,0.7101172085724093,0.2737058500752918,0.4702676631131918,0.5505284769219071,0.2439059923031608,0.6126392138446479,0.7083292609027113,0.3037714879475198,0.6625921943791437,0.7641260478112387,0.2983750649498844,29.048775314561688,13.358154296875,39.656085050977424,27.846511393517343,11.200298614802886,43.306310802881,1.6641250271320165,1.129671903674858,2.2910617952025185,43.35849056603774,1.0,74.82809692118616,0.9827979395243268,1.0,0.0273656127762837,0.5518897366887028,0.637191729524076,lcc
dev,v2_cond_lcc_largestfrac_le_0p95,159,159,0.5983889224387776,0.7123674535088187,0.2750249729835379,0.4742457572050974,0.5532381543554727,0.246019533869402,0.6193070749719363,0.7206162556481028,0.3067562103903449,0.6620057302784921,0.7641260478112387,0.2984874255332261,28.66977019995501,13.358154296875,39.20473639075233,27.846511393517343,11.200298614802886,43.306310802881,1.643360376881608,1.1072148327287386,2.251714553510184,26.37735849056604,1.0,61.78768047759238,0.9942680835548532,1.0,0.011455011009035,0.5557170522808069,0.6405343640131567,lcc
dev,v2_cond_lcc_ncomp_ge_2,159,159,0.5999463707201482,0.7133408387278356,0.2760397618842477,0.4763614923828544,0.5544132122935579,0.24760198170058,0.623066646387232,0.7233848122087179,0.3086522698355807,0.6615651816892185,0.7613729508196722,0.2985664194663925,28.373744732159956,13.358154296875,38.58871408097404,27.846511393517343,11.200298614802886,43.306310802881,1.6373130210982756,1.1066827091793252,2.252388181573654,1.0,1.0,0.0,1.0,1.0,0.0,0.5571777752820298,0.6424553381949129,lcc
dev,v2_cond_lcc_ncomp_ge_3,159,159,0.5999463707201482,0.7133408387278356,0.2760397618842477,0.4763614923828544,0.5544132122935579,0.24760198170058,0.623066646387232,0.7233848122087179,0.3086522698355807,0.6615651816892185,0.7613729508196722,0.2985664194663925,28.373744732159956,13.358154296875,38.58871408097404,27.846511393517343,11.200298614802886,43.306310802881,1.6373130210982756,1.1066827091793252,2.252388181573654,1.0,1.0,0.0,1.0,1.0,0.0,0.5571777752820298,0.6424553381949129,lcc
dev,v2_cond_lcc_ncomp_ge_4,159,159,0.5999463707201482,0.7133408387278356,0.2760397618842477,0.4763614923828544,0.5544132122935579,0.24760198170058,0.623066646387232,0.7233848122087179,0.3086522698355807,0.6615651816892185,0.7613729508196722,0.2985664194663925,28.373744732159956,13.358154296875,38.58871408097404,27.846511393517343,11.200298614802886,43.306310802881,1.6373130210982756,1.1066827091793252,2.252388181573654,1.0,1.0,0.0,1.0,1.0,0.0,0.5571777752820298,0.6424553381949129,lcc
dev,v2_cond_lcc_ncomp_ge_5,159,159,0.599935255843067,0.7133408387278356,0.2760329092345005,0.4763468214544096,0.5544132122935579,0.2475931320096933,0.6230464751823728,0.7233848122087179,0.3086450666287178,0.6615651816892185,0.7613729508196722,0.2985664194663925,28.373838012108703,13.358154296875,38.588653300291256,27.846511393517343,11.200298614802886,43.306310802881,1.637343440968535,1.1069748621718678,2.2523809438769278,1.018867924528302,1.0,0.237915475715443,0.999972525774258,1.0,0.0003464368048277,0.5571777752820298,0.6424117123023682,lcc
dev,v2_cond_lcc_predvol_gt_q75,159,159,0.5683405067061237,0.6331413060741254,0.2341208202033151,0.4310385411903031,0.4632090419351431,0.212287525060643,0.5491192248943654,0.5976487499358283,0.2757368941080369,0.7105596735141094,0.792762679843046,0.249166422000021,30.927300018692417,16.636902568483986,37.90779856624541,27.846511393517343,11.200298614802886,43.306310802881,2.045824113030453,1.302924880814328,2.490357008131434,65.27044025157232,45.0,77.29187534345863,0.8374751829796485,0.9129429892141756,0.1870186693248587,0.5335661514614304,0.6056963383570633,lcc
dev,v2_cond_lcc_predvol_gt_q85,159,159,0.5666526075823486,0.6279037800687285,0.2296638681414685,0.4283088534093938,0.4576237227008615,0.2095981888844399,0.5452076070159808,0.5886199564873418,0.2731714732912298,0.7214774674961839,0.7940833576216847,0.2351636856107771,31.647878747437897,16.636902568483986,38.11478380052259,27.846511393517343,11.200298614802886,43.306310802881,2.1422771639383957,1.3117359413202934,2.7486262278578564,86.69182389937107,58.0,101.9808215828004,0.8235552877161721,0.8974132863021752,0.1890606487220123,0.532798204999357,0.6026519137276786,lcc
dev,v2_cond_lcc_predvol_gt_q90,159,159,0.56668781469176,0.6279037800687285,0.2250905551534509,0.4271686785720137,0.4576237227008615,0.2061224258468567,0.5436199567734765,0.5886199564873418,0.2701750606257389,0.7268767659310087,0.797881010594947,0.2282484533840971,32.20429195512321,16.636902568483986,38.49817477330004,27.846511393517343,11.200298614802886,43.306310802881,2.165915716038728,1.315801792162632,2.753444761198343,98.1509433962264,67.0,107.5939500369208,0.8153543227967215,0.8858506944444444,0.187758444799488,0.5325307041747791,0.6025368255057147,lcc
dev,v2_cond_lcc_predvol_gt_q95,159,159,0.5670854124847675,0.6279037800687285,0.2212785527310244,0.4266570471575937,0.4576237227008615,0.2036369791668816,0.5422258691462576,0.5770274344287006,0.2669256208936323,0.7320520594185574,0.8010216984472207,0.220854507209948,32.783357774832815,16.636902568483986,39.1788456022425,27.846511393517343,11.200298614802886,43.306310802881,2.215018313144048,1.3284386405109487,2.995516965746956,109.08176100628933,78.0,110.19602605767848,0.8086645698504922,0.8669169290385081,0.1849036916765708,0.5332977102775076,0.6029486929722526,lcc
dev,v2_lcc,159,159,0.5999463707201482,0.7133408387278356,0.2760397618842477,0.4763614923828544,0.5544132122935579,0.24760198170058,0.623066646387232,0.7233848122087179,0.3086522698355807,0.6615651816892185,0.7613729508196722,0.2985664194663925,28.373744732159956,13.358154296875,38.58871408097404,27.846511393517343,11.200298614802886,43.306310802881,1.6373130210982756,1.1066827091793252,2.252388181573654,1.0,1.0,0.0,1.0,1.0,0.0,0.5571777752820298,0.6424553381949129,lcc
dev,v2_lcc_fillholes,159,159,0.6045440549870523,0.714593473230671,0.2787447212540573,0.4825291602392351,0.5559279950341403,0.2519895179945363,0.6244800415252277,0.7273681198130306,0.3088379923888399,0.669847035788341,0.772932496421099,0.3030996383244727,28.61803849235676,13.53133905003636,38.871796218927976,27.846511393517343,11.200298614802886,43.306310802881,1.6486003065512074,1.1262521262521263,2.2612072999377326,1.0,1.0,0.0,1.0,1.0,0.0,0.5606874616897066,0.6472458331526308,lcc_fillholes
dev,v2_lcc_intersect_v1,159,159,0.595563359657304,0.7123674535088187,0.2781018375949012,0.4724309604357596,0.5532381543554727,0.2492087189088987,0.6243167046039926,0.7234509230488028,0.3087326522690565,0.654108331571982,0.7611132586006958,0.3011809086812185,28.151814375355837,13.19814685089511,38.57336076105638,27.846511393517343,11.200298614802886,43.306310802881,1.6120673744575136,1.1049432215008148,2.2459068882190047,1.949685534591195,1.0,6.017694102025202,0.9976561265378536,1.0,0.020529624846139,0.5526773394614571,0.6399956222679254,lcc
dev,v2_lcc_union_v1_lcc,159,159,0.5949312431010098,0.7028171607438778,0.2737923949188169,0.4704682301093993,0.5418026969481902,0.2463881537775429,0.607822738777703,0.7094463331714425,0.3075867224146888,0.674550080287479,0.7922967768092438,0.2942934021136879,29.250637800759016,13.752641054467128,39.17732200339788,27.846511393517343,11.200298614802886,43.306310802881,1.7637218747750087,1.1423076923076922,2.379450252059802,1.0125786163522013,1.0,0.1117989483684942,0.9958529659182056,1.0,0.0376767571728405,0.5534933548684107,0.6378457030311077,lcc
dev,v2_raw,159,159,0.5660918707772874,0.6279037800687285,0.2210812848615961,0.4255954155721898,0.4576237227008615,0.2033234885735458,0.5402913908874779,0.5770274344287006,0.2661265168836146,0.7321311697147829,0.8010216984472207,0.2208382520923728,33.429672791004286,16.636902568483986,41.77120168445606,27.846511393517343,11.200298614802886,43.306310802881,2.219111914370143,1.333517597199189,2.9942277485244047,127.94339622641508,84.0,149.76218469830036,0.8055343511899603,0.8662535211267606,0.1830094847706592,0.5327058288237358,0.6022558291723895,baseline_raw
dev,v2_remove_small_100,159,159,0.5746991943372758,0.6430717461843528,0.2220940321225052,0.4346603023938893,0.4739172792489593,0.2054184505792669,0.5558569622972235,0.6168038603462958,0.2689701691704568,0.7306220917550883,0.800768802791968,0.2223532377155519,32.665071456491425,16.16693419470859,41.21065527525758,27.846511393517343,11.200298614802886,43.306310802881,2.13738959236072,1.2770261564231415,2.908806225508452,5.264150943396227,4.0,4.752684558091086,0.8343810550020552,0.9032163742690058,0.1789329429918908,0.5412068780569581,0.6108173372720607,small_component_removal
dev,v2_remove_small_1000,159,159,0.5824966597480012,0.6633749636944525,0.232437809302565,0.4453181515115662,0.4963059539330726,0.2137764198113972,0.5702184285398344,0.6450147445604527,0.2807856039240781,0.7233981398801985,0.800768802791968,0.2359162169148976,31.96044998649492,15.321738858141908,40.950446390380215,27.846511393517343,11.200298614802886,43.306310802881,2.03119969851653,1.229971913869199,2.8292793193183825,1.6729559748427674,1.0,0.8605036451787839,0.8690955705769624,0.9851529852837686,0.1862770427152564,0.5459511929205001,0.6191242714380476,small_component_removal
dev,v2_remove_small_1000_fillholes,159,159,0.5870600958030245,0.6636565894516424,0.2346110350711489,0.4508590177882043,0.4966212907648614,0.2172108893707557,0.571887579265789,0.6477236800505849,0.2807847042524742,0.7326969036533987,0.8099147458162299,0.2402021890185226,32.221043655820395,15.749765966366976,41.2303210306095,27.846511393517343,11.200298614802886,43.306310802881,2.044410464115848,1.2404047324825958,2.8404028654957867,1.6729559748427674,1.0,0.8605036451787839,0.8694381324673894,0.9851861978114844,0.1860462814141923,0.5502918438343543,0.6242099270133648,small_component_removal
dev,v2_remove_small_100_fillholes,159,159,0.57921840568854,0.649059312655161,0.2242725516382236,0.440052969226166,0.4804498959394234,0.2088214478298746,0.5575940793312489,0.6173303103301686,0.268999434724687,0.7399258309772353,0.8099147458162299,0.2265937471890948,32.926062580379174,16.2076482137318,41.49056043275992,27.846511393517343,11.200298614802886,43.306310802881,2.1506457782711577,1.2774449168921531,2.919613670900184,5.264150943396227,4.0,4.752684558091086,0.8348986680614627,0.9049164677804296,0.1787070655734285,0.5456044724329273,0.6149111292093813,small_component_removal
dev,v2_remove_small_250,159,159,0.5783327059733143,0.6500801538954794,0.2220709241345016,0.4383714927239258,0.4815694470834125,0.2057409969305337,0.5631453363206215,0.6259931185486394,0.2711003704860045,0.7301580024535099,0.800768802791968,0.2226727985437434,32.42338700515588,15.777206040144174,41.12857661625558,27.846511393517343,11.200298614802886,43.306310802881,2.103158461813841,1.268425460636516,2.8780549858857234,2.949685534591195,2.0,2.0891484005991856,0.8477152580944389,0.9134466084024666,0.1763769426820296,0.5448151053042736,0.6145073332874089,small_component_removal
dev,v2_remove_small_250_fillholes,159,159,0.5828683492543847,0.6511848904199086,0.2242575858160748,0.4438119815910959,0.4827829150154117,0.2091698265833304,0.5648660089953627,0.6249688123752495,0.2711108436144819,0.7394617416756569,0.8099147458162299,0.2269226481378156,32.68433432955849,16.2076482137318,41.40889365629528,27.846511393517343,11.200298614802886,43.306310802881,2.1163971065801768,1.2688442211055275,2.888931773053043,2.949685534591195,2.0,2.0891484005991856,0.8481780556006334,0.9149151741843086,0.1761351208907606,0.5483996842268923,0.618770057773317,small_component_removal
dev,v2_remove_small_50,159,159,0.5723401512419655,0.6418386766212854,0.2218039081438063,0.4321597274672713,0.4725791152884366,0.2048268640556526,0.5513631317791334,0.6088966725043783,0.2679192959503523,0.7310614470757911,0.800768802791968,0.2220472395191256,32.848161532104385,16.29281180996977,41.32765474158288,27.846511393517343,11.200298614802886,43.306310802881,2.1581669114884448,1.3071110857664234,2.9300491574990004,9.169811320754716,6.0,9.250526873239666,0.8266120028123614,0.8950164187753525,0.1799046005778118,0.5388631234162496,0.6086533212384143,small_component_removal
dev,v2_remove_small_500,159,159,0.5800291415939428,0.657390469907338,0.2258118506738153,0.4410072887729187,0.4896363798802823,0.2082930931134028,0.5628895659029629,0.6326976270199447,0.273999229716124,0.7287935757668108,0.800768802791968,0.2260136399172503,32.20255816985845,15.522157459557366,41.04630648621016,27.846511393517343,11.200298614802886,43.306310802881,2.071244020858509,1.2612307692307692,2.858313244369676,2.088050314465409,2.0,1.2293028167111433,0.8524691237827273,0.9308349008826508,0.1861553882981127,0.5444205729680239,0.6168168680802293,small_component_removal
dev,v2_remove_small_500_fillholes,159,159,0.5845757952660408,0.6626051639106469,0.2280025901549411,0.4464891462188804,0.4954446854663774,0.2117387272212529,0.5645870350566666,0.6332122093023256,0.274031983219593,0.7380973149889579,0.8099147458162299,0.2302556201551662,32.46336432737772,16.2076482137318,41.32664891988326,27.846511393517343,11.200298614802886,43.306310802881,2.084472589101233,1.2616923076923077,2.869301617060378,2.088050314465409,2.0,1.2293028167111433,0.8528825360261768,0.9317168095154802,0.1859419192199613,0.5490732559031891,0.6209075261564845,small_component_removal
dev,v2_remove_small_50_fillholes,159,159,0.5768513922451574,0.6425165562913907,0.2239920793304283,0.4375275281474206,0.4733144697043614,0.2082307434539313,0.5531132859948488,0.6094285514443589,0.2679653684603402,0.7403651862979382,0.8099147458162299,0.2262796954785382,33.109152655992126,16.4250152422866,41.607211488289614,27.846511393517343,11.200298614802886,43.306310802881,2.171423097398882,1.3247537337146489,2.9408091857519367,9.169811320754716,6.0,9.250526873239666,0.8271665449552892,0.8963432471964895,0.1796946026586232,0.5434316540384247,0.6127269776398778,small_component_removal
test,v1_lcc,367,367,0.5588488339906363,0.6742322989315772,0.3000517344448319,0.4418778855456141,0.508559907130201,0.2640833313040001,0.5727326846889002,0.6698583951449764,0.3239925446895985,0.6426935174741438,0.7777095416808825,0.3292255775990412,27.63508796065762,13.210766689640849,35.865131985966,26.4788068248861,9.698839753935315,51.0106544477942,2.795025671966273,1.1498053291154642,7.988685172347771,1.0,1.0,0.0,1.0,1.0,0.0,0.5287490929441159,0.5892528998180386,lcc
test,v1_raw,367,367,0.5441434342903949,0.5902392972950786,0.2377977303007815,0.4091255842480918,0.4186804868106912,0.2200460379058602,0.5130539784226603,0.5411391664521564,0.270721048246502,0.7374590346290976,0.8154658468119236,0.2316449274984203,34.20807540713828,18.4359056133406,44.7361461116065,26.4788068248861,9.698839753935315,51.0106544477942,4.014418340384068,1.4173476903651223,12.578934232269868,142.3950953678474,80.0,174.5114782512962,0.8021329520087068,0.8676616915422886,0.1882013537613897,0.5200181762342554,0.5679997372551707,baseline_raw
test,v1v2_intersection,367,367,0.5522868594032413,0.600292105465447,0.2387087187586457,0.4174775262985635,0.4288695575765563,0.2218145602231801,0.5305517208285193,0.5594039355892909,0.2744499167983413,0.7304444994236453,0.8096468561584841,0.2334052953246589,32.822892589288685,18.10383841809338,42.983890276300166,26.4788068248861,9.698839753935315,51.0106544477942,3.644582413567449,1.369416164554332,10.619367512358153,136.71389645776566,78.0,170.60204355568905,0.807598610871439,0.8797914482115811,0.1872691908757589,0.5278712770868275,0.5764123539892424,v1_v2_intersection
test,v1v2_intersection_lcc,367,367,0.5621772178504117,0.6757191613846903,0.3022531248754118,0.4461778541365802,0.5102536725451935,0.2668147697967239,0.586249192632547,0.6902739124066207,0.3293533515223671,0.6316348251925872,0.7700902521064376,0.3316371460894393,26.833950235930526,12.8900146484375,35.27000610047129,26.4788068248861,9.698839753935315,51.0106544477942,2.573293500383646,1.1243791390728477,7.098789152777241,1.0,1.0,0.0,1.0,1.0,0.0,0.5312094128223842,0.5932927372317381,lcc
test,v1v2_union_lcc,367,367,0.5575508862538907,0.6754093661542871,0.3013011807533717,0.4410173532379578,0.5099004544470894,0.2650995003733395,0.5705872287946735,0.6676404494382022,0.3251437940318101,0.6416988881362954,0.7773140191505034,0.3303893451009254,27.914603420502623,13.279776069081388,36.16020752431867,26.4788068248861,9.698839753935315,51.0106544477942,2.837282588408214,1.1616678460617278,8.042611817408709,1.0,1.0,0.0,1.0,1.0,0.0,0.5271897063348652,0.5875952117907894,lcc
test,v2_cond_lcc_largestfrac_le_0p5,367,367,0.5472107062615924,0.6109503672379256,0.2559353565653043,0.4167600098248297,0.4398333600384553,0.2315527365354266,0.5316695586145531,0.5752697598061873,0.2882417911647234,0.7041708964471797,0.8019371881420605,0.2691572907071622,32.32162762171129,17.006616524252514,43.13142048004708,26.4788068248861,9.698839753935315,51.0106544477942,3.350766706318302,1.320919250747678,9.655876458207832,120.6158038147139,64.0,162.27904548035784,0.8531227968485389,0.913935002813731,0.1517505595175276,0.5216606779637152,0.5729975770040372,lcc
test,v2_cond_lcc_largestfrac_le_0p6,367,367,0.5425212693247083,0.6260923212142724,0.2771452231699007,0.4180557002971033,0.455701886583543,0.2450195204941829,0.5373149594258836,0.6038625999968443,0.3025221905557193,0.6694039294074128,0.785766826038985,0.3024162479416046,30.686510877498822,15.141479178273585,40.95015304732323,26.4788068248861,9.698839753935315,51.0106544477942,2.930985804182286,1.2538827258320129,7.479194707840363,102.16893732970028,52.0,151.61481902971784,0.89928699072261,0.9562671825679666,0.1150061556899322,0.5142041244287833,0.5695773866120487,lcc
test,v2_cond_lcc_largestfrac_le_0p7,367,367,0.5480276164547413,0.6455434880172336,0.2874691493403056,0.4267023185105684,0.4766070245195494,0.2528737573877421,0.5514012234479021,0.6397261786463508,0.3107589874578731,0.6501154190306002,0.7730830813022593,0.3159008019764457,29.22895957424894,14.171845389007345,37.982584137262656,26.4788068248861,9.698839753935315,51.0106544477942,2.783615859810161,1.2084593488703077,7.357835166431567,83.13623978201635,36.0,134.51332219161162,0.933622128134113,0.9733162017656568,0.0828564972819038,0.5192274083724453,0.5768346299935183,lcc
test,v2_cond_lcc_largestfrac_le_0p8,367,367,0.5506954707195012,0.6589524698768396,0.2954394018913074,0.4318296759855378,0.4913714503589012,0.2584915848295616,0.5619073657711495,0.6622765757290687,0.3191445894457832,0.6369884015526834,0.7700985779465148,0.3268251991831768,28.65422150981668,13.33785110450521,37.91817615700246,26.4788068248861,9.698839753935315,51.0106544477942,2.7155549371100003,1.1803111822015413,7.349506939684208,70.73024523160763,21.0,130.1607905827671,0.9604517163134708,0.9833472106577852,0.0530727332664896,0.5207308154261626,0.5797197287789155,lcc
test,v2_cond_lcc_largestfrac_le_0p9,367,367,0.5548763732642114,0.6688077077478924,0.3017169239652433,0.4381896604630973,0.5024125452352232,0.2638249239739851,0.5729068016211981,0.6743585278068037,0.3262862509133086,0.630081923816129,0.767050979302681,0.3341163312757212,27.611175797103023,13.034133911132812,36.17103604194783,26.4788068248861,9.698839753935315,51.0106544477942,2.6561282894592404,1.1531775935694548,7.296382617931597,43.44141689373297,1.0,101.66440681618847,0.9842888414995848,1.0,0.0240350867681267,0.5236328693175355,0.58438044770585,lcc
test,v2_cond_lcc_largestfrac_le_0p95,367,367,0.5571800334488701,0.6702580929526422,0.3030047608317177,0.4411227707090503,0.5040512669416618,0.2658220446060658,0.5775218351751398,0.6831213214353522,0.3284259634657836,0.6296725576370786,0.767050979302681,0.3341625827510738,27.413104906293675,12.994101293105633,36.10226910580248,26.4788068248861,9.698839753935315,51.0106544477942,2.63633432812812,1.145380135369117,7.222912148989722,32.01907356948229,1.0,93.4244217858726,0.9920347858783084,1.0,0.0131936636205863,0.5259466315812729,0.5872347162539988,lcc
test,v2_cond_lcc_ncomp_ge_2,367,367,0.559650588571942,0.6755777286205111,0.3046388224019791,0.4444253424165675,0.510092395167022,0.2684605566504515,0.5827605816932059,0.6872860981473624,0.3315436730399503,0.6293536452771004,0.7666342547576053,0.3341817249460875,27.11995509782892,12.916410420887567,35.55518684217508,26.4788068248861,9.698839753935315,51.0106544477942,2.6178588580168243,1.1392614920874151,7.15388446247642,1.0,1.0,0.0,1.0,1.0,0.0,0.5283347414418966,0.5896551555739493,lcc
test,v2_cond_lcc_ncomp_ge_3,367,367,0.559650588571942,0.6755777286205111,0.3046388224019791,0.4444253424165675,0.510092395167022,0.2684605566504515,0.5827605816932059,0.6872860981473624,0.3315436730399503,0.6293536452771004,0.7666342547576053,0.3341817249460875,27.11995509782892,12.916410420887567,35.55518684217508,26.4788068248861,9.698839753935315,51.0106544477942,2.6178588580168243,1.1392614920874151,7.15388446247642,1.0,1.0,0.0,1.0,1.0,0.0,0.5283347414418966,0.5896551555739493,lcc
test,v2_cond_lcc_ncomp_ge_4,367,367,0.559650588571942,0.6755777286205111,0.3046388224019791,0.4444253424165675,0.510092395167022,0.2684605566504515,0.5827605816932059,0.6872860981473624,0.3315436730399503,0.6293536452771004,0.7666342547576053,0.3341817249460875,27.11995509782892,12.916410420887567,35.55518684217508,26.4788068248861,9.698839753935315,51.0106544477942,2.6178588580168243,1.1392614920874151,7.15388446247642,1.0,1.0,0.0,1.0,1.0,0.0,0.5283347414418966,0.5896551555739493,lcc
test,v2_cond_lcc_ncomp_ge_5,367,367,0.559650588571942,0.6755777286205111,0.3046388224019791,0.4444253424165675,0.510092395167022,0.2684605566504515,0.5827605816932059,0.6872860981473624,0.3315436730399503,0.6293536452771004,0.7666342547576053,0.3341817249460875,27.11995509782892,12.916410420887567,35.55518684217508,26.4788068248861,9.698839753935315,51.0106544477942,2.6178588580168243,1.1392614920874151,7.15388446247642,1.0,1.0,0.0,1.0,1.0,0.0,0.5283347414418966,0.5896551555739493,lcc
test,v2_cond_lcc_predvol_gt_q75,367,367,0.5516631789782385,0.6109503672379256,0.2512253953668453,0.4201286717957257,0.4398333600384553,0.229968427145649,0.5348515268791676,0.5844035890218157,0.2838882045051933,0.7107609268806501,0.8019371881420605,0.2609331285935529,29.76778998119877,18.31629774704671,34.951207974025216,26.4788068248861,9.698839753935315,51.0106544477942,3.226180497816728,1.318967616264913,7.8742255402124925,71.6866485013624,43.0,86.09209969557948,0.8381347721581922,0.9345807297959748,0.1910586599826757,0.5257327642671246,0.5770529027184836,lcc
test,v2_cond_lcc_predvol_gt_q85,367,367,0.5515074653629981,0.6102868447082097,0.2475619342812902,0.4189730666452362,0.4391459074733096,0.2273994090660772,0.532674828593418,0.571352623984203,0.2807257020762375,0.7162106746693799,0.801987631636141,0.2536691727915938,30.182250356467733,18.31629774704671,35.16854540964133,26.4788068248861,9.698839753935315,51.0106544477942,3.3053332023411306,1.3296745373324823,8.203633324312758,79.98365122615805,51.0,93.70579324818432,0.8308282381772022,0.923313933584389,0.190460202249896,0.5255052159022636,0.5762258702067049,lcc
test,v2_cond_lcc_predvol_gt_q90,367,367,0.5504616602683104,0.6100034977264778,0.2465542205839618,0.4176355849574225,0.4388525415198792,0.2264433102664965,0.5309507008222474,0.5633991416309013,0.2801609295827826,0.718818405562986,0.8072544858190237,0.2510969411961619,30.472789372479276,18.31629774704671,35.404415635579966,26.4788068248861,9.698839753935315,51.0106544477942,3.33728120491005,1.3422100547536089,8.252273686872469,89.95367847411444,57.0,106.15210002754064,0.8264836634140167,0.911677141912008,0.1893064692290748,0.5246431699709765,0.5751836543159738,lcc
test,v2_cond_lcc_predvol_gt_q95,367,367,0.5496636498746791,0.6053836009619115,0.2433042290924814,0.4160188552675227,0.4340861052397374,0.2243530501498536,0.5272480046478795,0.5578307327759646,0.277322233327849,0.7248576703841788,0.8096468561584841,0.2434123701291474,31.42397310797225,18.31629774704671,36.68313865113874,26.4788068248861,9.698839753935315,51.0106544477942,3.381789238042914,1.369416164554332,8.296884455279427,110.64577656675748,66.0,130.59573410962932,0.8160846725368421,0.886306326060739,0.1875443152413572,0.5242995204783253,0.5739489976545661,lcc
test,v2_lcc,367,367,0.559650588571942,0.6755777286205111,0.3046388224019791,0.4444253424165675,0.510092395167022,0.2684605566504515,0.5827605816932059,0.6872860981473624,0.3315436730399503,0.6293536452771004,0.7666342547576053,0.3341817249460875,27.11995509782892,12.916410420887567,35.55518684217508,26.4788068248861,9.698839753935315,51.0106544477942,2.6178588580168243,1.1392614920874151,7.15388446247642,1.0,1.0,0.0,1.0,1.0,0.0,0.5283347414418966,0.5896551555739493,lcc
test,v2_lcc_fillholes,367,367,0.5627923843822406,0.6773953980162126,0.3066697376083535,0.448636536313187,0.5121677310060625,0.2718084040356879,0.5837870279042181,0.6903542154566745,0.3317959999154847,0.635423791249129,0.7729505680073687,0.3383861955025416,27.31030617104112,12.964012059363755,35.79684127417097,26.4788068248861,9.698839753935315,51.0106544477942,2.6305975677886577,1.1458838344089408,7.180622226142762,1.0,1.0,0.0,1.0,1.0,0.0,0.5309274969820749,0.5931439789613361,lcc_fillholes
test,v2_lcc_intersect_v1,367,367,0.5590881822570636,0.6755777286205111,0.3046709833306618,0.4438512908802582,0.510092395167022,0.2683787584171053,0.5835869940455224,0.6902739124066207,0.3317999740072573,0.6278026835356109,0.7663564383942214,0.3341958858670645,26.83308486021101,12.8900146484375,35.28293397885006,26.4788068248861,9.698839753935315,51.0106544477942,2.578798712681234,1.124802649312642,7.110596082512708,2.20708446866485,1.0,5.223491907331752,0.99852743987582,1.0,0.013357276689792,0.5278733006538312,0.5891181798485989,lcc
test,v2_lcc_union_v1_lcc,367,367,0.558368853782841,0.6754093661542871,0.3003926476401423,0.4415543970132293,0.5099004544470894,0.264547886986189,0.5711045878712075,0.6676404494382022,0.3245859261231049,0.6442743047623116,0.7777095416808825,0.3292182800098738,28.13478400169445,13.810725590155926,36.74072549225877,26.4788068248861,9.698839753935315,51.0106544477942,2.975340264283334,1.1616678460617278,9.468946292374511,1.008174386920981,1.0,0.0901649496200822,0.9963664181266978,1.0,0.0402621550015771,0.5278364326295493,0.588766499418514,lcc
test,v2_raw,367,367,0.5508080745281706,0.5960842496786674,0.2396401115491379,0.4162764214434203,0.4245869095365828,0.2224287898797004,0.5272880673093664,0.5578228471098945,0.2752629514923733,0.7326154973323636,0.8119287020109689,0.2323470662515705,33.207194010940974,18.31629774704671,43.30575672267941,26.4788068248861,9.698839753935315,51.0106544477942,3.698620353767928,1.3861748089066137,10.69034895403021,138.31880108991825,79.0,170.82370118338494,0.8068721963664335,0.8798325678739608,0.1868364068039913,0.5259208054453014,0.574397026151564,baseline_raw
test,v2_remove_small_100,367,367,0.558837445384808,0.6052127907881428,0.2413895516413815,0.4249600587153146,0.4339104823954661,0.2256799232132113,0.5417242281110856,0.5703216130644893,0.2790647887788772,0.7307226957184085,0.8119287020109689,0.2338158550898256,32.3894220502989,17.791111412919065,42.6049718524599,26.4788068248861,9.698839753935315,51.0106544477942,3.574935644424414,1.3447547524055383,10.484156796948245,5.016348773841962,3.0,5.135833054884274,0.8335470270211702,0.9108092971156538,0.184606323050494,0.5335266318013939,0.5827621086086484,small_component_removal
test,v2_remove_small_1000,367,367,0.562161421794421,0.6251996045928067,0.2515980643018224,0.4312365190338269,0.4547566371681416,0.2339695752903412,0.554311528637321,0.5862882470689162,0.2905956069000502,0.7173988662089849,0.8034835289663006,0.2500959418246928,31.78636736627468,17.03154218173586,42.34251131541543,26.4788068248861,9.698839753935315,51.0106544477942,3.451044982338693,1.256916596461668,10.369220854837778,1.694822888283379,1.0,0.9578838292268887,0.853987300220253,0.9884248807598532,0.2050154825389482,0.5364685126416103,0.5867458177108478,small_component_removal
test,v2_remove_small_1000_fillholes,367,367,0.5652161178754137,0.6289494133924679,0.2534252232846467,0.4350916414790641,0.4587353811274848,0.237022031113995,0.5554149407579543,0.5868859477007599,0.2907650842804293,0.7238442985371268,0.8101976639712489,0.2536728584166068,31.992802803892555,17.043901791446842,42.593298599466586,26.4788068248861,9.698839753935315,51.0106544477942,3.466558953102833,1.2657792754844146,10.411959315934208,1.694822888283379,1.0,0.9578838292268887,0.8542165513708905,0.9884519938738237,0.2048764071812177,0.5393913516464398,0.5897724098290518,small_component_removal
test,v2_remove_small_100_fillholes,367,367,0.5618751509486157,0.6147284395053999,0.2432307006415799,0.4287480711545504,0.4437602395344895,0.228732605678583,0.5428626132991299,0.5723804005959279,0.2792686978621742,0.7371768720370292,0.8137949471995722,0.2372788274383814,32.596068088971414,18.20402098884884,42.85456297367656,26.4788068248861,9.698839753935315,51.0106544477942,3.5904907397126897,1.3539835164835163,10.526703396670811,5.016348773841962,3.0,5.135833054884274,0.8338617464539583,0.9108092971156538,0.1844607058101495,0.5362112802601513,0.5861621853462109,small_component_removal
test,v2_remove_small_250,367,367,0.5621253078618037,0.6160919540229886,0.2422860105503345,0.4286054733590833,0.4451827242524916,0.227188846534917,0.5479408929577839,0.5809840772644218,0.28129322495596,0.7300773475455618,0.8119287020109689,0.23432224909992,32.1507090575738,17.368345581822293,42.47175559999498,26.4788068248861,9.698839753935315,51.0106544477942,3.5284934787958564,1.31869814932993,10.396636105429293,2.713896457765668,2.0,2.1709452047773774,0.8445002216889874,0.9281227173119064,0.1822473924658706,0.5366558352307654,0.5863336737598402,small_component_removal
test,v2_remove_small_250_fillholes,367,367,0.5651682260417207,0.6188545702958765,0.2441111533939104,0.4324142226537444,0.4480734302023871,0.2302291105095266,0.549068066763518,0.5821565692718162,0.2814754568598726,0.7365315238641825,0.8137949471995722,0.2377896813010153,32.357306454755054,17.386336942523243,42.7219390971155,26.4788068248861,9.698839753935315,51.0106544477942,3.5440294339480194,1.3265248758549613,10.43927635715278,2.713896457765668,2.0,2.1709452047773774,0.8447866608186384,0.9285668068586218,0.1820928841350781,0.5394984289182939,0.5894381198121159,small_component_removal
test,v2_remove_small_50,367,367,0.5567948717937494,0.6044979095755428,0.2409170043794065,0.4227332002471338,0.4331759255134316,0.2248295178291856,0.5379406488456778,0.5683802133850631,0.27806627345608,0.7312526034800749,0.8119287020109689,0.2334400246115478,32.57366071585471,17.917094739921232,42.74028862271957,26.4788068248861,9.698839753935315,51.0106544477942,3.603678248096003,1.352334875893984,10.523857625221003,8.915531335149863,5.0,10.171800388617216,0.8262472678806382,0.9018937021153568,0.1863343084140051,0.5316222265621624,0.580660647758092,small_component_removal
test,v2_remove_small_500,367,367,0.5649736970980522,0.6185189703550079,0.2430419779617757,0.431794354072023,0.4477216531261038,0.2286089897377994,0.5534152963288244,0.5850609756097561,0.2831228280441544,0.7296500928823814,0.8119287020109689,0.2347107196208621,31.97934467441273,17.196044921875,42.381445172145895,26.4788068248861,9.698839753935315,51.0106544477942,3.495466911176376,1.3073201514514097,10.376689349183131,2.010899182561308,2.0,1.2258112104593653,0.8545904345347048,0.9473648480459822,0.1810633249921547,0.5393690020978978,0.5892278824777094,small_component_removal
test,v2_remove_small_500_fillholes,367,367,0.5680199476979032,0.6203846305729969,0.2448548075091223,0.4356203494297352,0.4496794137852072,0.2316365238241416,0.5545338454571923,0.5851874428527888,0.2832926582351099,0.7361036094571538,0.8137949471995722,0.2381827629534312,32.18588072920283,17.26806640625,42.631831823599214,26.4788068248861,9.698839753935315,51.0106544477942,3.511001247283529,1.324195536584917,10.41938544662362,2.010899182561308,2.0,1.2258112104593653,0.854857274298122,0.94774030386687,0.1809037053608179,0.5421498303497726,0.5925363964965272,small_component_removal
test,v2_remove_small_50_fillholes,367,367,0.5598290325520204,0.6096157101743694,0.2427623360927443,0.4265052342238647,0.4384512358456106,0.2278744013529192,0.5390890017115544,0.5682454140325423,0.2782832357998963,0.7377067797986955,0.8156329651656754,0.2368988720658926,32.78030675452722,18.26477115515741,42.98947244671384,26.4788068248861,9.698839753935315,51.0106544477942,3.61923334338428,1.3623626373626374,10.566318372743632,8.915531335149863,5.0,10.171800388617216,0.8265844383544123,0.9020258890332516,0.1861990868021033,0.5342560579067538,0.583830679523825,small_component_removal
