target,feature,spearman_rho,p_value,n,abs_rho,q_value_bh
delta_v2_lcc_minus_v2_raw_dice,v2_raw_second_largest_component_fraction,0.27632583890121765,1.130802176313965e-10,526,0.27632583890121765,1.323038546287339e-08
delta_v2_lcc_minus_v2_raw_dice,v1_raw_second_largest_component_fraction,0.2711448286276986,2.571123101611473e-10,526,0.2711448286276986,1.5041070144427116e-08
delta_v2_lcc_minus_v2_raw_dice,v2_raw_largest_component_fraction,-0.26272730514860465,9.413341938515433e-10,526,0.26272730514860465,3.6712033560210186e-08
delta_v2_lcc_minus_v2_raw_dice,v1_raw_largest_component_fraction,-0.2513292969346322,5.08043147500506e-09,526,0.2513292969346322,1.48602620643898e-07
delta_v2_lcc_minus_v2_raw_dice,v1_raw_pred_to_gt_vol_ratio,0.17936608422649455,3.5107943483184314e-05,526,0.17936608422649455,0.000821525877506513
delta_v2_lcc_minus_v2_raw_dice,v2_raw_n_components_ge100,0.17464914891394556,5.649649252028766e-05,526,0.17464914891394556,0.0011016816041456094
delta_v2_lcc_minus_v2_raw_dice,v1_small50_pred_to_gt_vol_ratio,0.16896217560760024,9.864263242489668e-05,526,0.16896217560760024,0.0016487411419589873
delta_v2_lcc_minus_v2_raw_dice,v1_small100_pred_to_gt_vol_ratio,0.16508926055441303,0.00014272857126680427,526,0.16508926055441303,0.0018532560481972187
delta_v2_lcc_minus_v2_raw_dice,v2_raw_pred_to_gt_vol_ratio,0.1640634150781052,0.0001571870834668316,526,0.1640634150781052,0.0018532560481972187
delta_v2_lcc_minus_v2_raw_dice,v1_raw_n_components_ge100,0.16398157028035568,0.00015839795283736913,526,0.16398157028035568,0.0018532560481972187
delta_v2_lcc_minus_v2_raw_dice,v2_small50_pred_to_gt_vol_ratio,0.15216687284357516,0.00046175986173276697,526,0.15216687284357516,0.004911445802066703
delta_v2_lcc_minus_v2_raw_dice,v2_small100_pred_to_gt_vol_ratio,0.14828678404579837,0.0006455907283477042,526,0.14828678404579837,0.006294509601390116
delta_v2_lcc_minus_v2_raw_dice,v1_raw_n_components_ge50,0.1318691157348331,0.002442089245253672,526,0.1318691157348331,0.02197880320728305
delta_v2_lcc_minus_v2_raw_dice,v2_raw_n_components_ge50,0.12119512766375976,0.005382131200205876,526,0.12119512766375976,0.044979239316006246
delta_v2_lcc_minus_v2_raw_dice,kin_v2_kinetic_cc_voxels,-0.1027221353509205,0.01844646668496719,526,0.1027221353509205,0.13488978763382256
delta_v2_lcc_minus_v2_raw_dice,kin_selected_voxels,-0.1027221353509205,0.01844646668496719,526,0.1027221353509205,0.13488978763382256
delta_v2_lcc_minus_v2_raw_dice,kin_ring_voxels,-0.10061292848648588,0.021004944018242298,526,0.10061292848648588,0.14456343824319698
delta_v2_lcc_minus_v2_raw_dice,v2_lcc_pred_vol_cm3,-0.09592867516692204,0.027811442459656763,526,0.09592867516692204,0.18077437598776896
delta_v2_lcc_minus_v2_raw_dice,slice_thickness,-0.09292406275376869,0.033111686623690996,526,0.09292406275376869,0.19548251085791976
delta_v2_lcc_minus_v2_raw_dice,v2_lcc_pred_voxels,-0.09108801101055752,0.036757395204053286,526,0.09108801101055752,0.19548251085791976
delta_v2_lcc_minus_v2_raw_dice,v2_raw_largest_component_voxels,-0.09108801101055752,0.036757395204053286,526,0.09108801101055752,0.19548251085791976
delta_v2_lcc_minus_v2_raw_dice,kin_v2_lcc_voxels,-0.09108801101055752,0.036757395204053286,526,0.09108801101055752,0.19548251085791976
delta_v2_lcc_minus_v2_raw_dice,v1_lcc_pred_vol_cm3,-0.08501386202482689,0.05133640821852256,526,0.08501386202482689,0.24629658044962732
delta_v2_lcc_minus_v2_raw_dice,gt_voxels,-0.08311521952354023,0.056782153584777804,526,0.08311521952354023,0.24629658044962732
delta_v2_lcc_minus_v2_raw_dice,kin_gt_voxels,-0.08311521952354023,0.056782153584777804,526,0.08311521952354023,0.24629658044962732
delta_v2_lcc_minus_v2_raw_dice,gt_vol_cm3,-0.08283329104010215,0.057630261115565365,526,0.08283329104010215,0.24629658044962732
delta_v2_lcc_minus_v2_raw_dice,log_gt_vol_cm3,-0.08283329104010215,0.057630261115565365,526,0.08283329104010215,0.24629658044962732
delta_v2_lcc_minus_v2_raw_dice,v1_lcc_pred_to_gt_vol_ratio,0.08240369093307187,0.058942771389654404,526,0.08240369093307187,0.24629658044962732
delta_v2_lcc_minus_v2_raw_dice,v1_lcc_pred_voxels,-0.08024006648189007,0.06593447351356006,526,0.08024006648189007,0.24884946455117832
delta_v2_lcc_minus_v2_raw_dice,v1_raw_largest_component_voxels,-0.08024006648189007,0.06593447351356006,526,0.08024006648189007,0.24884946455117832
delta_v2_lcc_minus_v2_raw_dice,kin_v1_lcc_voxels,-0.08024006648189007,0.06593447351356006,526,0.08024006648189007,0.24884946455117832
delta_v2_lcc_minus_v2_raw_dice,v2_small100_pred_vol_cm3,-0.07478195836241344,0.08663519684191984,526,0.07478195836241344,0.30883649380720185
delta_v2_lcc_minus_v2_raw_dice,v2_small100_pred_voxels,-0.07414848678943835,0.08934442374754388,526,0.07414848678943835,0.30883649380720185
delta_v2_lcc_minus_v2_raw_dice,v2_small50_pred_vol_cm3,-0.07405559610851137,0.08974735717474241,526,0.07405559610851137,0.30883649380720185
delta_v2_lcc_minus_v2_raw_dice,v2_small50_pred_voxels,-0.07289959402192557,0.09488478638035032,526,0.07289959402192557,0.3139297971744751
delta_v2_lcc_minus_v2_raw_dice,v2_raw_pred_vol_cm3,-0.0724565931765476,0.09691475018286139,526,0.0724565931765476,0.3139297971744751
delta_v2_lcc_minus_v2_raw_dice,kin_ring_mean_first_enh,0.07195030821355988,0.09927694440560325,526,0.07195030821355988,0.3139297971744751
delta_v2_lcc_minus_v2_raw_dice,v2_raw_pred_voxels,-0.0706893414456703,0.10535962094528527,526,0.0706893414456703,0.3160788628358558
delta_v2_lcc_minus_v2_raw_dice,kin_v2_raw_voxels,-0.0706893414456703,0.10535962094528527,526,0.0706893414456703,0.3160788628358558
delta_v2_lcc_minus_v2_raw_dice,kin_fg_time_to_peak_s,-0.06596936584766284,0.13077982669827512,526,0.06596936584766284,0.3825309930924547
delta_v2_lcc_minus_v2_raw_dice,kin_fg_mean_first_enh,0.06469855945868744,0.1383764389791371,526,0.06469855945868744,0.39201006763447194
delta_v2_lcc_minus_v2_raw_dice,v1_small100_pred_vol_cm3,-0.06431711414292504,0.14072156274057968,526,0.06431711414292504,0.39201006763447194
delta_v2_lcc_minus_v2_raw_dice,kin_ring_auc_enh_norm,0.06331666537160095,0.14701704897328977,526,0.06331666537160095,0.39955662905441636
delta_v2_lcc_minus_v2_raw_dice,v1_small50_pred_vol_cm3,-0.06281392605249085,0.1502606126358489,526,0.06281392605249085,0.39955662905441636
delta_v2_lcc_minus_v2_raw_dice,kin_tumor_to_ring_max_enh_diff,-0.061793357813582236,0.15701203835569694,526,0.061793357813582236,0.4015051707637536
delta_v2_lcc_minus_v2_raw_dice,v1_raw_pred_vol_cm3,-0.06166802342535075,0.1578567338045527,526,0.06166802342535075,0.4015051707637536
delta_v2_lcc_minus_v2_raw_dice,v1_small100_pred_voxels,-0.06015411842650241,0.16833249821104765,526,0.06015411842650241,0.4190404742700548
delta_v2_lcc_minus_v2_raw_dice,v1_small50_pred_voxels,-0.05895861796420462,0.1769661391344575,526,0.05895861796420462,0.42705618503605175
delta_v2_lcc_minus_v2_raw_dice,v1_raw_pred_voxels,-0.05754320511559457,0.18760814903770054,526,0.05754320511559457,0.42705618503605175
delta_v2_lcc_minus_v2_raw_dice,kin_v1_raw_voxels,-0.05754320511559457,0.18760814903770054,526,0.05754320511559457,0.42705618503605175
delta_v2_lcc_minus_v2_raw_dice,v2_lcc_pred_to_gt_vol_ratio,0.05725872666463338,0.1898027489049119,526,0.05725872666463338,0.42705618503605175
delta_v2_lcc_minus_v2_raw_dice,pred_to_gt_vol_ratio,0.05725872666463338,0.1898027489049119,526,0.05725872666463338,0.42705618503605175
delta_v2_lcc_minus_v2_raw_dice,kin_ring_max_enh,0.05653228195389695,0.1954923451755959,526,0.05653228195389695,0.4315585733121646
delta_v2_lcc_minus_v2_raw_dice,kin_ring_mean_last_enh,0.05567225717149275,0.202388126894197,526,0.05567225717149275,0.4385076082707602
delta_v2_lcc_minus_v2_raw_dice,kin_fg_max_enh,0.052965281756195776,0.22524310828409796,526,0.052965281756195776,0.47915352125889926
delta_v2_lcc_minus_v2_raw_dice,kin_fg_auc_enh_norm,0.05137683329903044,0.23948082882496555,526,0.05137683329903044,0.500343874509303
delta_v2_lcc_minus_v2_raw_dice,kin_fg_mean_last_enh,0.04942557477066871,0.2578215151022494,526,0.04942557477066871,0.5292125836309329
delta_v2_lcc_minus_v2_raw_dice,kin_ring_auc_enh,0.046799159682544195,0.2840085686079962,526,0.046799159682544195,0.5622178416517448
delta_v2_lcc_minus_v2_raw_dice,kin_ring_washout_index,0.046720548242054634,0.28481910606003386,526,0.046720548242054634,0.5622178416517448
delta_v2_lcc_minus_v2_raw_dice,kin_gt_time_to_peak_s,-0.046383032479609135,0.2883168418726897,526,0.046383032479609135,0.5622178416517448
delta_v2_lcc_minus_v2_raw_dice,kin_fg_late_slope,0.04464702525709498,0.4118582117617453,340,0.04464702525709498,0.677203165073926
delta_v2_lcc_minus_v2_raw_dice,kin_gt_observed_uptake_rate,0.04225273720628146,0.33345406478175776,526,0.04225273720628146,0.618516223381669
delta_v2_lcc_minus_v2_raw_dice,kin_ring_observed_uptake_rate,0.04199233852336368,0.3364445333597501,526,0.04199233852336368,0.618516223381669
delta_v2_lcc_minus_v2_raw_dice,v2_raw_n_components,0.04182860515784867,0.3383336606532207,526,0.04182860515784867,0.618516223381669
delta_v2_lcc_minus_v2_raw_dice,kin_n_components,0.04182860515784867,0.3383336606532207,526,0.04182860515784867,0.618516223381669
delta_v2_lcc_minus_v2_raw_dice,kin_tumor_to_ring_auc_norm_diff,-0.04020319013135924,0.3574545686379287,526,0.04020319013135924,0.6343763211430936
delta_v2_lcc_minus_v2_raw_dice,v1_raw_n_components,0.03980774815042775,0.3622070971736566,526,0.03980774815042775,0.6343763211430936
delta_v2_lcc_minus_v2_raw_dice,kin_fg_observed_uptake_rate,0.03955087411471498,0.36531532580376913,526,0.03955087411471498,0.6343763211430936
delta_v2_lcc_minus_v2_raw_dice,kin_fg_washout_index,0.03927291385931074,0.3686973490404305,526,0.03927291385931074,0.6343763211430936
delta_v2_lcc_minus_v2_raw_dice,n_phases,0.03548203709320646,0.4167404092762621,526,0.03548203709320646,0.677203165073926
delta_v2_lcc_minus_v2_raw_dice,num_phases,0.03548203709320646,0.4167404092762621,526,0.03548203709320646,0.677203165073926
delta_v2_lcc_minus_v2_raw_dice,kin_n_phases,0.03548203709320646,0.4167404092762621,526,0.03548203709320646,0.677203165073926
delta_v2_lcc_minus_v2_raw_dice,kin_gt_auc_enh_norm,0.034891650689043915,0.4245406039938061,526,0.034891650689043915,0.6787977825771693
delta_v2_lcc_minus_v2_raw_dice,kin_selected_time_to_peak_s,-0.034565656044675826,0.4293250932539361,525,0.034565656044675826,0.6787977825771693
delta_v2_lcc_minus_v2_raw_dice,kin_ring_time_to_peak_s,-0.031343418560620236,0.4731781070287425,526,0.031343418560620236,0.7381578469648383
delta_v2_lcc_minus_v2_raw_dice,n_post_phases,0.02996657439742117,0.49284360667966665,526,0.02996657439742117,0.7447701245541838
delta_v2_lcc_minus_v2_raw_dice,clinical_n_post_phases,0.02996657439742117,0.49284360667966665,526,0.02996657439742117,0.7447701245541838
delta_v2_lcc_minus_v2_raw_dice,kin_selected_auc_norm,0.027133657845040314,0.5350322933908518,525,0.027133657845040314,0.7447701245541838
delta_v2_lcc_minus_v2_raw_dice,late_idx,0.027089871822058676,0.5353015676149511,526,0.027089871822058676,0.7447701245541838
delta_v2_lcc_minus_v2_raw_dice,kin_gt_mean_first_enh,0.02603356034394939,0.551340806840822,526,0.02603356034394939,0.7447701245541838
delta_v2_lcc_minus_v2_raw_dice,late_dev_s,-0.02421889931813535,0.5794332175894592,526,0.02421889931813535,0.7447701245541838
delta_v2_lcc_minus_v2_raw_dice,kin_late_dev_s,-0.02421889931813535,0.5794332175894592,526,0.02421889931813535,0.7447701245541838
delta_v2_lcc_minus_v2_raw_dice,early_t_s,-0.022039438988218647,0.6140320025765724,526,0.022039438988218647,0.7447701245541838
delta_v2_lcc_minus_v2_raw_dice,kin_first_post_s,-0.022039438988218647,0.6140320025765724,526,0.022039438988218647,0.7447701245541838
delta_v2_lcc_minus_v2_raw_dice,kin_early_t_s,-0.022039438988218647,0.6140320025765724,526,0.022039438988218647,0.7447701245541838
delta_v2_lcc_minus_v2_raw_dice,kin_gt_first_post_s,-0.022039438988218647,0.6140320025765724,526,0.022039438988218647,0.7447701245541838
delta_v2_lcc_minus_v2_raw_dice,kin_ring_first_post_s,-0.022039438988218647,0.6140320025765724,526,0.022039438988218647,0.7447701245541838
delta_v2_lcc_minus_v2_raw_dice,kin_fg_first_post_s,-0.022039438988218647,0.6140320025765724,526,0.022039438988218647,0.7447701245541838
delta_v2_lcc_minus_v2_raw_dice,early_dev_s,-0.02187287302728187,0.616713195235514,526,0.02187287302728187,0.7447701245541838
delta_v2_lcc_minus_v2_raw_dice,kin_early_dev_s,-0.02187287302728187,0.616713195235514,526,0.02187287302728187,0.7447701245541838
delta_v2_lcc_minus_v2_raw_dice,post_contrast_span_s,0.02094858387061064,0.6359495560233449,513,0.02094858387061064,0.7447701245541838
delta_v2_lcc_minus_v2_raw_dice,clinical_post_contrast_span_s,0.02094858387061064,0.6359495560233449,513,0.02094858387061064,0.7447701245541838
delta_v2_lcc_minus_v2_raw_dice,kin_last_post_s,-0.02064978100224374,0.6365556620121229,526,0.02064978100224374,0.7447701245541838
delta_v2_lcc_minus_v2_raw_dice,kin_acquisition_time_span_s,-0.02064978100224374,0.6365556620121229,526,0.02064978100224374,0.7447701245541838
delta_v2_lcc_minus_v2_raw_dice,kin_gt_last_post_s,-0.02064978100224374,0.6365556620121229,526,0.02064978100224374,0.7447701245541838
delta_v2_lcc_minus_v2_raw_dice,kin_gt_time_span_s,-0.02064978100224374,0.6365556620121229,526,0.02064978100224374,0.7447701245541838
delta_v2_lcc_minus_v2_raw_dice,kin_ring_last_post_s,-0.02064978100224374,0.6365556620121229,526,0.02064978100224374,0.7447701245541838
delta_v2_lcc_minus_v2_raw_dice,kin_ring_time_span_s,-0.02064978100224374,0.6365556620121229,526,0.02064978100224374,0.7447701245541838
delta_v2_lcc_minus_v2_raw_dice,kin_fg_last_post_s,-0.02064978100224374,0.6365556620121229,526,0.02064978100224374,0.7447701245541838
delta_v2_lcc_minus_v2_raw_dice,kin_fg_time_span_s,-0.02064978100224374,0.6365556620121229,526,0.02064978100224374,0.7447701245541838
delta_v2_lcc_minus_v2_raw_dice,first_post_time_s,-0.01901319953646361,0.6674663611242023,513,0.01901319953646361,0.7466233912722643
delta_v2_lcc_minus_v2_raw_dice,clinical_first_post_time_s,-0.01901319953646361,0.6674663611242023,513,0.01901319953646361,0.7466233912722643
delta_v2_lcc_minus_v2_raw_dice,kin_gt_mean_last_enh,0.018716258405758496,0.6684560897402634,526,0.018716258405758496,0.7466233912722643
delta_v2_lcc_minus_v2_raw_dice,kin_selected_max_enh,0.018216318093221245,0.677096868176159,525,0.018216318093221245,0.7466233912722643
delta_v2_lcc_minus_v2_raw_dice,kin_fg_auc_enh,0.01815043960836083,0.677908695326185,526,0.01815043960836083,0.7466233912722643
delta_v2_lcc_minus_v2_raw_dice,last_post_time_s,-0.017700169095463868,0.6891908227128594,513,0.017700169095463868,0.7466233912722643
delta_v2_lcc_minus_v2_raw_dice,clinical_last_post_time_s,-0.017700169095463868,0.6891908227128594,513,0.017700169095463868,0.7466233912722643
delta_v2_lcc_minus_v2_raw_dice,kin_gt_washout_index,0.01764992197373499,0.6863127837244304,526,0.01764992197373499,0.7466233912722643
delta_v2_lcc_minus_v2_raw_dice,kin_gt_max_enh,0.01687367798508695,0.6994230581815732,526,0.01687367798508695,0.750756860616918
delta_v2_lcc_minus_v2_raw_dice,kin_gt_late_slope,0.016499418327248917,0.7822765624435852,283,0.016499418327248917,0.8099677681938006
delta_v2_lcc_minus_v2_raw_dice,late_t_s,-0.014349118780785944,0.7426647546790672,526,0.014349118780785944,0.7802004302043885
delta_v2_lcc_minus_v2_raw_dice,kin_late_t_s,-0.014349118780785944,0.7426647546790672,526,0.014349118780785944,0.7802004302043885
delta_v2_lcc_minus_v2_raw_dice,voxel_volume_mm3,-0.014106928897658142,0.7468585314777052,526,0.014106928897658142,0.7802004302043885
delta_v2_lcc_minus_v2_raw_dice,kin_gt_auc_enh,0.011582670294527959,0.7909926182728086,526,0.011582670294527959,0.8118082134905141
delta_v2_lcc_minus_v2_raw_dice,kin_fg_voxels,0.006385286884994331,0.8838442872643495,526,0.006385286884994331,0.8992154922602512
delta_v2_lcc_minus_v2_raw_dice,kin_tumor_to_fg_max_enh_diff,-0.0033179393295082803,0.9394866560518674,526,0.0033179393295082803,0.9475856789488663
delta_v2_lcc_minus_v2_raw_dice,kin_selected_score,-0.0027014489080757196,0.9507614873587891,525,0.0027014489080757196,0.9507614873587892
v2_lcc_dice,v2_raw_largest_component_fraction,0.40898328683073504,1.2554863987034618e-22,526,0.40898328683073504,1.4689190864830503e-20
v2_lcc_dice,v1_raw_largest_component_fraction,0.3859852681832399,3.9309869187048487e-20,526,0.3859852681832399,2.2996273474423364e-18
v2_lcc_dice,v2_raw_n_components,-0.36312873607735685,7.707696295548467e-18,526,0.36312873607735685,2.2545011664479266e-16
v2_lcc_dice,kin_n_components,-0.36312873607735685,7.707696295548467e-18,526,0.36312873607735685,2.2545011664479266e-16
v2_lcc_dice,v1_raw_n_components,-0.35727210422896244,2.7889723719261254e-17,526,0.35727210422896244,6.526195350307133e-16
v2_lcc_dice,v2_raw_pred_to_gt_vol_ratio,-0.3403146644210633,9.965958563236284e-16,526,0.3403146644210633,1.9433619198310753e-14
v2_lcc_dice,v1_raw_pred_to_gt_vol_ratio,-0.3390546313641736,1.2888093343978465e-15,526,0.3390546313641736,2.1541527446364008e-14
v2_lcc_dice,v2_raw_second_largest_component_fraction,-0.3340334091287523,3.5493695432872106e-15,526,0.3340334091287523,5.1909529570575456e-14
v2_lcc_dice,v2_small50_pred_to_gt_vol_ratio,-0.33297139424280575,4.387112754980511e-15,526,0.33297139424280575,5.703246581474664e-14
v2_lcc_dice,v2_small100_pred_to_gt_vol_ratio,-0.3314603289758797,5.922481807795025e-15,526,0.3314603289758797,6.929303715120179e-14
v2_lcc_dice,v1_small50_pred_to_gt_vol_ratio,-0.33090748007910553,6.607016457463994e-15,526,0.33090748007910553,7.027462959302612e-14
v2_lcc_dice,v1_small100_pred_to_gt_vol_ratio,-0.3301983966621377,7.59958945047743e-15,526,0.3301983966621377,7.409599714215493e-14
v2_lcc_dice,v1_raw_second_largest_component_fraction,-0.3229567780136679,3.108543706607633e-14,526,0.3229567780136679,2.79768933594687e-13
v2_lcc_dice,v2_raw_n_components_ge50,-0.31082250009787205,3.0296568417331334e-13,526,0.31082250009787205,2.5319275034484044e-12
v2_lcc_dice,v2_raw_n_components_ge100,-0.2969539529250309,3.607487322396684e-12,526,0.2969539529250309,2.8138401114694137e-11
v2_lcc_dice,v2_lcc_pred_to_gt_vol_ratio,-0.28717461376453185,1.913279540435434e-11,526,0.28717461376453185,1.3167865072408575e-10
v2_lcc_dice,pred_to_gt_vol_ratio,-0.28717461376453185,1.913279540435434e-11,526,0.28717461376453185,1.3167865072408575e-10
v2_lcc_dice,v1_raw_n_components_ge100,-0.28634592057498665,2.1973800783436283e-11,526,0.28634592057498665,1.4282970509233584e-10
v2_lcc_dice,v1_lcc_pred_to_gt_vol_ratio,-0.2859510794697593,2.3468419948920043e-11,526,0.2859510794697593,1.4451605968545502e-10
v2_lcc_dice,v1_raw_n_components_ge50,-0.28510860973987295,2.6996798388715412e-11,526,0.28510860973987295,1.5793127057398516e-10
v2_lcc_dice,gt_voxels,0.16928515723768428,9.561455975757861e-05,526,0.16928515723768428,0.0005084956132562136
v2_lcc_dice,kin_gt_voxels,0.16928515723768428,9.561455975757861e-05,526,0.16928515723768428,0.0005084956132562136
v2_lcc_dice,v1_raw_pred_vol_cm3,-0.1565779966665889,0.00031241446292135816,526,0.1565779966665889,0.0015892387896434307
v2_lcc_dice,v2_raw_pred_vol_cm3,-0.15507956558654953,0.00035717247110533893,526,0.15507956558654953,0.0017412157966385274
v2_lcc_dice,v1_small50_pred_vol_cm3,-0.1485513243270613,0.0006311673035173666,526,0.1485513243270613,0.0029538629804612753
v2_lcc_dice,v2_small50_pred_vol_cm3,-0.14657097746486006,0.0007468152030727565,526,0.14657097746486006,0.0032696400777736897
v2_lcc_dice,v1_small100_pred_vol_cm3,-0.1464491772971615,0.0007545323256400823,526,0.1464491772971615,0.0032696400777736897
v2_lcc_dice,v2_small100_pred_vol_cm3,-0.14367832670250033,0.0009513263904679887,526,0.14367832670250033,0.003975185274455524
v2_lcc_dice,gt_vol_cm3,0.13995355370970103,0.0012908492091366125,526,0.13995355370970103,0.005034311915632789
v2_lcc_dice,log_gt_vol_cm3,0.13995355370970103,0.0012908492091366125,526,0.13995355370970103,0.005034311915632789
v2_lcc_dice,slice_thickness,-0.13615906262831567,0.0017485098449363829,526,0.13615906262831567,0.00659921457605022
v2_lcc_dice,v2_raw_pred_voxels,-0.11739220624527792,0.007033085742182587,526,0.11739220624527792,0.02493548581319281
v2_lcc_dice,kin_v2_raw_voxels,-0.11739220624527792,0.007033085742182587,526,0.11739220624527792,0.02493548581319281
v2_lcc_dice,v1_raw_pred_voxels,-0.116526844564305,0.0074669469171329515,526,0.116526844564305,0.02496093683727301
v2_lcc_dice,kin_v1_raw_voxels,-0.116526844564305,0.0074669469171329515,526,0.116526844564305,0.02496093683727301
v2_lcc_dice,v2_small50_pred_voxels,-0.1081440589900739,0.013078237553531845,526,0.1081440589900739,0.042319266996376226
v2_lcc_dice,v1_small50_pred_voxels,-0.10778790925670012,0.01338301605868308,526,0.10778790925670012,0.042319266996376226
v2_lcc_dice,v2_small100_pred_voxels,-0.10628163335799588,0.014742325858468868,526,0.10628163335799588,0.044681514118851254
v2_lcc_dice,v1_small100_pred_voxels,-0.10612139387652912,0.014893838039617085,526,0.10612139387652912,0.044681514118851254
v2_lcc_dice,kin_selected_max_enh,-0.10305209727758993,0.01818236781855708,525,0.10305209727758993,0.05318342586927947
v2_lcc_dice,kin_v2_kinetic_cc_voxels,0.10192820395840857,0.019375685731977746,526,0.10192820395840857,0.05397512453908087
v2_lcc_dice,kin_selected_voxels,0.10192820395840857,0.019375685731977746,526,0.10192820395840857,0.05397512453908087
v2_lcc_dice,kin_selected_score,-0.09542386964806168,0.02879988979004878,525,0.09542386964806168,0.07792731105877825
v2_lcc_dice,voxel_volume_mm3,-0.09503492090906188,0.029305997321249937,526,0.09503492090906188,0.07792731105877825
v2_lcc_dice,kin_gt_time_to_peak_s,-0.07574690329616532,0.0826358387398451,526,0.07574690329616532,0.21274792894705374
v2_lcc_dice,kin_ring_voxels,0.07550004753535805,0.08364448488516643,526,0.07550004753535805,0.21274792894705374
v2_lcc_dice,v1_lcc_pred_vol_cm3,-0.07213299077275077,0.09841936698585364,526,0.07213299077275077,0.24500140292223138
v2_lcc_dice,v2_lcc_pred_vol_cm3,-0.06727077075314697,0.12333876615028924,526,0.06727077075314697,0.30063824249133003
v2_lcc_dice,kin_fg_voxels,0.06622111375826663,0.12931394816405847,526,0.06622111375826663,0.3087700394937723
v2_lcc_dice,kin_fg_time_to_peak_s,-0.06317056666577413,0.14795409367095194,526,0.06317056666577413,0.3462125791900275
v2_lcc_dice,kin_selected_auc_norm,-0.06218878391554227,0.15476364573118528,525,0.06218878391554227,0.3550460107950721
v2_lcc_dice,kin_ring_auc_enh,-0.0606866651825569,0.16458966752850368,526,0.0606866651825569,0.3703267519391333
v2_lcc_dice,kin_gt_mean_last_enh,-0.06002101694403616,0.16927783352454068,526,0.06002101694403616,0.3736888023088917
v2_lcc_dice,kin_tumor_to_fg_max_enh_diff,-0.057327540422007925,0.1892701659714985,526,0.057327540422007925,0.41008535960491344
v2_lcc_dice,kin_tumor_to_ring_max_enh_diff,-0.05432151228320746,0.21357258030960757,526,0.05432151228320746,0.4480489924587803
v2_lcc_dice,kin_ring_mean_first_enh,-0.05421763119102793,0.21445079980933074,526,0.05421763119102793,0.4480489924587803
v2_lcc_dice,kin_gt_max_enh,-0.05082985242492547,0.24452700991379758,526,0.05082985242492547,0.5019238624546372
v2_lcc_dice,kin_selected_time_to_peak_s,-0.05028397687706276,0.250089467409999,525,0.05028397687706276,0.5044908221891359
v2_lcc_dice,kin_gt_washout_index,0.047893253250715,0.2728893263279839,526,0.047893253250715,0.5411534098368495
v2_lcc_dice,kin_ring_auc_enh_norm,-0.04394463345359938,0.31444211231238267,526,0.04394463345359938,0.6131621190091462
v2_lcc_dice,late_idx,0.04066661998417124,0.35193501477068745,526,0.04066661998417124,0.6371312121633288
v2_lcc_dice,kin_gt_auc_enh,-0.03858303135970119,0.3771749305966422,526,0.03858303135970119,0.6371312121633288
v2_lcc_dice,kin_fg_washout_index,0.03631150411521678,0.40592507718187887,526,0.03631150411521678,0.6371312121633288
v2_lcc_dice,kin_ring_max_enh,-0.03557171833226837,0.4155629581146434,526,0.03557171833226837,0.6371312121633288
v2_lcc_dice,kin_ring_mean_last_enh,-0.03521886943967451,0.42020692189503717,526,0.03521886943967451,0.6371312121633288
v2_lcc_dice,late_t_s,-0.03264393532716461,0.4550052943146906,526,0.03264393532716461,0.6371312121633288
v2_lcc_dice,kin_late_t_s,-0.03264393532716461,0.4550052943146906,526,0.03264393532716461,0.6371312121633288
v2_lcc_dice,kin_fg_auc_enh,-0.03192456714125663,0.46500859571431885,526,0.03192456714125663,0.6371312121633288
v2_lcc_dice,kin_ring_washout_index,-0.03097102504472203,0.47845415366451205,526,0.03097102504472203,0.6371312121633288
v2_lcc_dice,v1_lcc_pred_voxels,-0.03093365116036323,0.47898542844884284,526,0.03093365116036323,0.6371312121633288
v2_lcc_dice,v1_raw_largest_component_voxels,-0.03093365116036323,0.47898542844884284,526,0.03093365116036323,0.6371312121633288
v2_lcc_dice,kin_v1_lcc_voxels,-0.03093365116036323,0.47898542844884284,526,0.03093365116036323,0.6371312121633288
v2_lcc_dice,kin_ring_observed_uptake_rate,-0.028692692589808312,0.5114203545572216,526,0.028692692589808312,0.6371312121633288
v2_lcc_dice,n_phases,0.027407051494406042,0.5305316441340784,526,0.027407051494406042,0.6371312121633288
v2_lcc_dice,num_phases,0.027407051494406042,0.5305316441340784,526,0.027407051494406042,0.6371312121633288
v2_lcc_dice,kin_n_phases,0.027407051494406042,0.5305316441340784,526,0.027407051494406042,0.6371312121633288
v2_lcc_dice,kin_gt_late_slope,0.027197328259727864,0.6486854406717746,283,0.027197328259727864,0.7160018543263926
v2_lcc_dice,early_t_s,-0.02647985810772959,0.5445354751235534,526,0.02647985810772959,0.6371312121633288
v2_lcc_dice,kin_first_post_s,-0.02647985810772959,0.5445354751235534,526,0.02647985810772959,0.6371312121633288
v2_lcc_dice,kin_early_t_s,-0.02647985810772959,0.5445354751235534,526,0.02647985810772959,0.6371312121633288
v2_lcc_dice,kin_gt_first_post_s,-0.02647985810772959,0.5445354751235534,526,0.02647985810772959,0.6371312121633288
v2_lcc_dice,kin_ring_first_post_s,-0.02647985810772959,0.5445354751235534,526,0.02647985810772959,0.6371312121633288
v2_lcc_dice,kin_fg_first_post_s,-0.02647985810772959,0.5445354751235534,526,0.02647985810772959,0.6371312121633288
v2_lcc_dice,late_dev_s,-0.02647900545925519,0.5445484368700402,526,0.02647900545925519,0.6371312121633288
v2_lcc_dice,kin_late_dev_s,-0.02647900545925519,0.5445484368700402,526,0.02647900545925519,0.6371312121633288
v2_lcc_dice,kin_last_post_s,-0.026424956286447605,0.5453703905682903,526,0.026424956286447605,0.6371312121633288
v2_lcc_dice,kin_acquisition_time_span_s,-0.026424956286447605,0.5453703905682903,526,0.026424956286447605,0.6371312121633288
v2_lcc_dice,kin_gt_last_post_s,-0.026424956286447605,0.5453703905682903,526,0.026424956286447605,0.6371312121633288
v2_lcc_dice,kin_gt_time_span_s,-0.026424956286447605,0.5453703905682903,526,0.026424956286447605,0.6371312121633288
v2_lcc_dice,kin_ring_last_post_s,-0.026424956286447605,0.5453703905682903,526,0.026424956286447605,0.6371312121633288
v2_lcc_dice,kin_ring_time_span_s,-0.026424956286447605,0.5453703905682903,526,0.026424956286447605,0.6371312121633288
v2_lcc_dice,kin_fg_last_post_s,-0.026424956286447605,0.5453703905682903,526,0.026424956286447605,0.6371312121633288
v2_lcc_dice,kin_fg_time_span_s,-0.026424956286447605,0.5453703905682903,526,0.026424956286447605,0.6371312121633288
v2_lcc_dice,early_dev_s,-0.026278615645320108,0.5475989450917405,526,0.026278615645320108,0.6371312121633288
v2_lcc_dice,kin_early_dev_s,-0.026278615645320108,0.5475989450917405,526,0.026278615645320108,0.6371312121633288
v2_lcc_dice,kin_gt_auc_enh_norm,-0.02617089237194639,0.5492422777792875,526,0.02617089237194639,0.6371312121633288
v2_lcc_dice,first_post_time_s,-0.025810263348882593,0.5597177612399663,513,0.025810263348882593,0.6371312121633288
v2_lcc_dice,clinical_first_post_time_s,-0.025810263348882593,0.5597177612399663,513,0.025810263348882593,0.6371312121633288
v2_lcc_dice,n_post_phases,0.02577202613378965,0.5553480691389943,526,0.02577202613378965,0.6371312121633288
v2_lcc_dice,clinical_n_post_phases,0.02577202613378965,0.5553480691389943,526,0.02577202613378965,0.6371312121633288
v2_lcc_dice,last_post_time_s,-0.025726329588702895,0.5609955503387446,513,0.025726329588702895,0.6371312121633288
v2_lcc_dice,clinical_last_post_time_s,-0.025726329588702895,0.5609955503387446,513,0.025726329588702895,0.6371312121633288
v2_lcc_dice,v2_lcc_pred_voxels,-0.025059375009575745,0.5663388552562922,526,0.025059375009575745,0.6371312121633288
v2_lcc_dice,v2_raw_largest_component_voxels,-0.025059375009575745,0.5663388552562922,526,0.025059375009575745,0.6371312121633288
v2_lcc_dice,kin_v2_lcc_voxels,-0.025059375009575745,0.5663388552562922,526,0.025059375009575745,0.6371312121633288
v2_lcc_dice,kin_ring_time_to_peak_s,-0.02433983636631516,0.5775403548090707,526,0.02433983636631516,0.6435449667872503
v2_lcc_dice,kin_gt_observed_uptake_rate,0.01777774603631969,0.6841627850788286,526,0.01777774603631969,0.7481032322824575
v2_lcc_dice,post_contrast_span_s,-0.012675791259354193,0.7745629407286168,513,0.012675791259354193,0.8302672738896629
v2_lcc_dice,clinical_post_contrast_span_s,-0.012675791259354193,0.7745629407286168,513,0.012675791259354193,0.8302672738896629
v2_lcc_dice,kin_tumor_to_ring_auc_norm_diff,-0.0121736996764127,0.7805931634860079,526,0.0121736996764127,0.8302672738896629
v2_lcc_dice,kin_gt_mean_first_enh,-0.011760322293701516,0.7878627490897742,526,0.011760322293701516,0.8304499247162485
v2_lcc_dice,kin_fg_mean_first_enh,0.01123728347186919,0.7970872207394498,526,0.01123728347186919,0.8326714716653181
v2_lcc_dice,kin_fg_observed_uptake_rate,0.010651569173912656,0.8074506445307875,526,0.010651569173912656,0.8360329682309924
v2_lcc_dice,kin_fg_auc_enh_norm,0.005877580634823247,0.8930222687940245,526,0.005877580634823247,0.9165228548149198
v2_lcc_dice,kin_fg_late_slope,0.0029407147489845862,0.9569156237895478,340,0.0029407147489845862,0.9735576346380617
v2_lcc_dice,kin_fg_max_enh,0.001496407958609806,0.972687345379547,526,0.001496407958609806,0.9810725811155776
v2_lcc_dice,kin_fg_mean_last_enh,-0.001036374918441209,0.9810820176192742,526,0.001036374918441209,0.9810820176192742
v2_lcc_precision,v2_raw_pred_to_gt_vol_ratio,-0.7435098008418006,1.2584880857576484e-93,526,0.7435098008418006,1.4724310603364488e-91
v2_lcc_precision,v2_small100_pred_to_gt_vol_ratio,-0.7417002219435318,6.0631110032668725e-93,526,0.7417002219435318,2.4801913887425617e-91
v2_lcc_precision,v2_small50_pred_to_gt_vol_ratio,-0.7416450609184319,6.359465099339902e-93,526,0.7416450609184319,2.4801913887425617e-91
v2_lcc_precision,v2_lcc_pred_to_gt_vol_ratio,-0.7362721458598049,6.267142731177975e-91,526,0.7362721458598049,1.466511399095646e-89
v2_lcc_precision,pred_to_gt_vol_ratio,-0.7362721458598049,6.267142731177975e-91,526,0.7362721458598049,1.466511399095646e-89
v2_lcc_precision,v1_raw_pred_to_gt_vol_ratio,-0.7268588508653662,1.4948721092981249e-87,526,0.7268588508653662,2.9150006131313436e-86
v2_lcc_precision,v1_small100_pred_to_gt_vol_ratio,-0.7266067451623263,1.8327979053361525e-87,526,0.7266067451623263,3.0633907846332836e-86
v2_lcc_precision,v1_small50_pred_to_gt_vol_ratio,-0.7256787517490405,3.8731696315911986e-87,526,0.7256787517490405,5.664510586202128e-86
v2_lcc_precision,v1_lcc_pred_to_gt_vol_ratio,-0.7244446476770032,1.0426591933053014e-86,526,0.7244446476770032,1.3554569512968917e-85
v2_lcc_precision,v2_raw_largest_component_fraction,0.34957610144370715,1.452037177644535e-16,526,0.34957610144370715,1.698883497844106e-15
v2_lcc_precision,gt_voxels,0.3459881106055388,3.0858279939203675e-16,526,0.3459881106055388,3.0086822940723585e-15
v2_lcc_precision,kin_gt_voxels,0.3459881106055388,3.0858279939203675e-16,526,0.3459881106055388,3.0086822940723585e-15
v2_lcc_precision,v1_raw_largest_component_fraction,0.33141804986682094,5.9722753664881705e-15,526,0.33141804986682094,5.375047829839353e-14
v2_lcc_precision,v2_raw_n_components,-0.32302930784292894,3.0655654213801915e-14,526,0.32302930784292894,2.3911410286765497e-13
v2_lcc_precision,kin_n_components,-0.32302930784292894,3.0655654213801915e-14,526,0.32302930784292894,2.3911410286765497e-13
v2_lcc_precision,v2_raw_second_largest_component_fraction,-0.3212730455259569,4.290055306272261e-14,526,0.3212730455259569,3.137102942711591e-13
v2_lcc_precision,v1_raw_second_largest_component_fraction,-0.3129835325533551,2.0350372227198179e-13,526,0.3129835325533551,1.4005844415189336e-12
v2_lcc_precision,v1_raw_n_components,-0.3112535181575277,2.799219581185264e-13,526,0.3112535181575277,1.8194927277704212e-12
v2_lcc_precision,gt_vol_cm3,0.3065178841936062,6.628985416565061e-13,526,0.3065178841936062,3.8779564686905605e-12
v2_lcc_precision,log_gt_vol_cm3,0.3065178841936062,6.628985416565061e-13,526,0.3065178841936062,3.8779564686905605e-12
v2_lcc_precision,kin_ring_voxels,0.2811214518325068,5.205216189749479e-11,526,0.2811214518325068,2.900049020003281e-10
v2_lcc_precision,v2_raw_n_components_ge50,-0.2530970356538244,3.9324500725419625e-09,526,0.2530970356538244,2.0913484476700437e-08
v2_lcc_precision,v2_raw_n_components_ge100,-0.23294980265958173,6.500850018611173e-08,526,0.23294980265958173,3.3069541399022053e-07
v2_lcc_precision,kin_tumor_to_fg_max_enh_diff,-0.22544851833729318,1.7348284965037506e-07,526,0.22544851833729318,8.457288920455784e-07
v2_lcc_precision,v1_raw_n_components_ge50,-0.22348955076555002,2.229360165709927e-07,526,0.22348955076555002,1.0433405575522459e-06
v2_lcc_precision,kin_gt_mean_first_enh,-0.21549971548690497,6.056642883141256e-07,526,0.21549971548690497,2.725489297413565e-06
v2_lcc_precision,v1_raw_n_components_ge100,-0.21380001531025494,7.455348668343492e-07,526,0.21380001531025494,3.2306510896155136e-06
v2_lcc_precision,kin_gt_max_enh,-0.2088490134486392,1.3525244100173426e-06,526,0.2088490134486392,5.651619856143896e-06
v2_lcc_precision,kin_ring_mean_first_enh,-0.2071570233224402,1.65245858832466e-06,526,0.2071570233224402,6.6668156839305255e-06
v2_lcc_precision,kin_gt_mean_last_enh,-0.2053995501230311,2.0310555086719753e-06,526,0.2053995501230311,7.921116483820703e-06
v2_lcc_precision,v2_raw_pred_vol_cm3,-0.20182316689386184,3.073625564415551e-06,526,0.20182316689386184,1.1600457775374821e-05
v2_lcc_precision,kin_gt_auc_enh_norm,-0.20037518998498435,3.6273774829502427e-06,526,0.20037518998498435,1.3262598922036826e-05
v2_lcc_precision,v1_raw_pred_vol_cm3,-0.19676899668087328,5.4513394883974066e-06,526,0.19676899668087328,1.9154985961352903e-05
v2_lcc_precision,v2_small50_pred_vol_cm3,-0.19658229147465875,5.5664061768034075e-06,526,0.19658229147465875,1.9154985961352903e-05
v2_lcc_precision,v2_small100_pred_vol_cm3,-0.1949448843388657,6.679824050544069e-06,526,0.1949448843388657,2.2329697540390174e-05
v2_lcc_precision,v1_small50_pred_vol_cm3,-0.1913765935954147,9.886744874018783e-06,526,0.1913765935954147,3.2131920840561044e-05
v2_lcc_precision,v1_small100_pred_vol_cm3,-0.1902436455948559,1.1180659235623047e-05,526,0.1902436455948559,3.5355057582916126e-05
v2_lcc_precision,kin_ring_max_enh,-0.18402250591073785,2.168652675320537e-05,526,0.18402250591073785,6.677167447697442e-05
v2_lcc_precision,kin_ring_mean_last_enh,-0.17991267923524132,3.31984279758577e-05,526,0.17991267923524132,9.959528392757309e-05
v2_lcc_precision,kin_gt_auc_enh,-0.17477097805427955,5.581514104233197e-05,526,0.17477097805427955,0.000163259287548821
v2_lcc_precision,kin_ring_auc_enh_norm,-0.16897634539806866,9.850791344081378e-05,526,0.16897634539806866,0.0002807093303024096
v2_lcc_precision,kin_selected_score,-0.16890013675102653,0.00010076745190342908,525,0.16890013675102653,0.0002807093303024096
v2_lcc_precision,kin_ring_auc_enh,-0.1562714731259129,0.0003211206688487898,526,0.1562714731259129,0.000873746936169963
v2_lcc_precision,slice_thickness,-0.14823867967154142,0.0006482461251002123,526,0.14823867967154142,0.0016603809763913243
v2_lcc_precision,v2_raw_pred_voxels,-0.14815661836970503,0.0006527993582393241,526,0.14815661836970503,0.0016603809763913243
v2_lcc_precision,kin_v2_raw_voxels,-0.14815661836970503,0.0006527993582393241,526,0.14815661836970503,0.0016603809763913243
v2_lcc_precision,kin_selected_max_enh,-0.14331873195584102,0.0009911301279534547,525,0.14331873195584102,0.0024672813823522167
v2_lcc_precision,v2_small50_pred_voxels,-0.1418919546933662,0.0011022782452055734,526,0.1418919546933662,0.0026868032226885856
v2_lcc_precision,v2_small100_pred_voxels,-0.14106854716256703,0.0011790417550974644,526,0.14106854716256703,0.002714438382103866
v2_lcc_precision,v1_raw_pred_voxels,-0.14102519455871745,0.0011832167306606595,526,0.14102519455871745,0.002714438382103866
v2_lcc_precision,kin_v1_raw_voxels,-0.14102519455871745,0.0011832167306606595,526,0.14102519455871745,0.002714438382103866
v2_lcc_precision,v1_small50_pred_voxels,-0.13582870373214503,0.0017946859360578851,526,0.13582870373214503,0.004008230760828599
v2_lcc_precision,v1_small100_pred_voxels,-0.13568097457350342,0.001815694276272784,526,0.13568097457350342,0.004008230760828599
v2_lcc_precision,n_phases,0.12934022599418554,0.0029604709434857316,526,0.12934022599418554,0.006185269649782689
v2_lcc_precision,num_phases,0.12934022599418554,0.0029604709434857316,526,0.12934022599418554,0.006185269649782689
v2_lcc_precision,kin_n_phases,0.12934022599418554,0.0029604709434857316,526,0.12934022599418554,0.006185269649782689
v2_lcc_precision,kin_gt_observed_uptake_rate,-0.12446379285745447,0.0042515091381908,526,0.12446379285745447,0.008726781915233746
v2_lcc_precision,n_post_phases,0.12346914501298453,0.004570421608739116,526,0.12346914501298453,0.009063378444448756
v2_lcc_precision,clinical_n_post_phases,0.12346914501298453,0.004570421608739116,526,0.12346914501298453,0.009063378444448756
v2_lcc_precision,v2_lcc_pred_vol_cm3,-0.12230875817433078,0.004969670949808681,526,0.12230875817433078,0.009690858352126928
v2_lcc_precision,v1_lcc_pred_vol_cm3,-0.11995338813890323,0.0058781743212242,526,0.11995338813890323,0.01127453107513494
v2_lcc_precision,kin_ring_observed_uptake_rate,-0.11720053919614601,0.007127185710896246,526,0.11720053919614601,0.013449689164110658
v2_lcc_precision,kin_tumor_to_ring_auc_norm_diff,-0.11467089422172046,0.00847907072071,526,0.11467089422172046,0.015746845624175713
v2_lcc_precision,kin_selected_auc_norm,-0.10671280612385814,0.014434760008278364,525,0.10671280612385814,0.026388545640133883
v2_lcc_precision,voxel_volume_mm3,-0.10151443191659301,0.01987593876206517,526,0.10151443191659301,0.03577668977171731
v2_lcc_precision,kin_tumor_to_ring_max_enh_diff,-0.0915370374210971,0.03583567783038092,526,0.0915370374210971,0.06352688342658436
v2_lcc_precision,kin_fg_voxels,0.09046054778245152,0.03807906268528384,526,0.09046054778245152,0.06649627364445088
v2_lcc_precision,kin_fg_washout_index,0.0784561898930697,0.07219924630533388,526,0.0784561898930697,0.12422517379005976
v2_lcc_precision,kin_fg_time_to_peak_s,-0.06900016758805615,0.11396566022439665,526,0.06900016758805615,0.19324611951093346
v2_lcc_precision,v2_lcc_pred_voxels,-0.06640562205760901,0.12824769717183798,526,0.06640562205760901,0.19937014121321345
v2_lcc_precision,v2_raw_largest_component_voxels,-0.06640562205760901,0.12824769717183798,526,0.06640562205760901,0.19937014121321345
v2_lcc_precision,kin_v2_lcc_voxels,-0.06640562205760901,0.12824769717183798,526,0.06640562205760901,0.19937014121321345
v2_lcc_precision,late_idx,0.06635019640932553,0.12856727666701293,526,0.06635019640932553,0.19937014121321345
v2_lcc_precision,late_t_s,-0.06565092558133166,0.1326524126643822,526,0.06565092558133166,0.19937014121321345
v2_lcc_precision,kin_late_t_s,-0.06565092558133166,0.1326524126643822,526,0.06565092558133166,0.19937014121321345
v2_lcc_precision,v1_lcc_pred_voxels,-0.06560681527531383,0.13291342747547563,526,0.06560681527531383,0.19937014121321345
v2_lcc_precision,v1_raw_largest_component_voxels,-0.06560681527531383,0.13291342747547563,526,0.06560681527531383,0.19937014121321345
v2_lcc_precision,kin_v1_lcc_voxels,-0.06560681527531383,0.13291342747547563,526,0.06560681527531383,0.19937014121321345
v2_lcc_precision,early_t_s,-0.06104835021492677,0.16208354662380786,526,0.06104835021492677,0.22118777673628254
v2_lcc_precision,kin_first_post_s,-0.06104835021492677,0.16208354662380786,526,0.06104835021492677,0.22118777673628254
v2_lcc_precision,kin_early_t_s,-0.06104835021492677,0.16208354662380786,526,0.06104835021492677,0.22118777673628254
v2_lcc_precision,kin_gt_first_post_s,-0.06104835021492677,0.16208354662380786,526,0.06104835021492677,0.22118777673628254
v2_lcc_precision,kin_ring_first_post_s,-0.06104835021492677,0.16208354662380786,526,0.06104835021492677,0.22118777673628254
v2_lcc_precision,kin_fg_first_post_s,-0.06104835021492677,0.16208354662380786,526,0.06104835021492677,0.22118777673628254
v2_lcc_precision,early_dev_s,-0.060976011931352415,0.16258246837025897,526,0.060976011931352415,0.22118777673628254
v2_lcc_precision,kin_early_dev_s,-0.060976011931352415,0.16258246837025897,526,0.060976011931352415,0.22118777673628254
v2_lcc_precision,first_post_time_s,-0.05990844522205148,0.17548013450545358,513,0.05990844522205148,0.22812417485708963
v2_lcc_precision,clinical_first_post_time_s,-0.05990844522205148,0.17548013450545358,513,0.05990844522205148,0.22812417485708963
v2_lcc_precision,late_dev_s,-0.0597484756348779,0.17122590063212886,526,0.0597484756348779,0.2276526178858986
v2_lcc_precision,kin_late_dev_s,-0.0597484756348779,0.17122590063212886,526,0.0597484756348779,0.2276526178858986
v2_lcc_precision,kin_v2_kinetic_cc_voxels,0.05669766770527063,0.19418618991337463,526,0.05669766770527063,0.2469541763028786
v2_lcc_precision,kin_selected_voxels,0.05669766770527063,0.19418618991337463,526,0.05669766770527063,0.2469541763028786
v2_lcc_precision,kin_fg_late_slope,-0.05480214398694064,0.3136765209223416,340,0.05480214398694064,0.386317399451726
v2_lcc_precision,kin_gt_washout_index,-0.0520384960393817,0.23347508609220244,526,0.0520384960393817,0.2937267212127708
v2_lcc_precision,kin_fg_observed_uptake_rate,0.045783609544885445,0.29459968408763676,526,0.045783609544885445,0.3666825855133351
v2_lcc_precision,post_contrast_span_s,0.028371745525958184,0.5214138881346946,513,0.028371745525958184,0.6264705157573216
v2_lcc_precision,clinical_post_contrast_span_s,0.028371745525958184,0.5214138881346946,513,0.028371745525958184,0.6264705157573216
v2_lcc_precision,kin_selected_time_to_peak_s,-0.02782096258716823,0.5247359875574147,525,0.02782096258716823,0.6264705157573216
v2_lcc_precision,kin_fg_auc_enh_norm,0.027023989004145602,0.5362950465040537,526,0.027023989004145602,0.6302912247314302
v2_lcc_precision,kin_gt_time_to_peak_s,0.026864065801882945,0.5387104484884019,526,0.026864065801882945,0.6302912247314302
v2_lcc_precision,kin_ring_time_to_peak_s,-0.024536782656034557,0.5744640512571201,526,0.024536782656034557,0.6654682573968619
v2_lcc_precision,kin_fg_mean_first_enh,0.021550991367043772,0.6219089290870803,526,0.021550991367043772,0.6966896484243849
v2_lcc_precision,kin_last_post_s,-0.01952673405123747,0.6550073617665156,526,0.01952673405123747,0.6966896484243849
v2_lcc_precision,kin_acquisition_time_span_s,-0.01952673405123747,0.6550073617665156,526,0.01952673405123747,0.6966896484243849
v2_lcc_precision,kin_gt_last_post_s,-0.01952673405123747,0.6550073617665156,526,0.01952673405123747,0.6966896484243849
v2_lcc_precision,kin_gt_time_span_s,-0.01952673405123747,0.6550073617665156,526,0.01952673405123747,0.6966896484243849
v2_lcc_precision,kin_ring_last_post_s,-0.01952673405123747,0.6550073617665156,526,0.01952673405123747,0.6966896484243849
v2_lcc_precision,kin_ring_time_span_s,-0.01952673405123747,0.6550073617665156,526,0.01952673405123747,0.6966896484243849
v2_lcc_precision,kin_fg_last_post_s,-0.01952673405123747,0.6550073617665156,526,0.01952673405123747,0.6966896484243849
v2_lcc_precision,kin_fg_time_span_s,-0.01952673405123747,0.6550073617665156,526,0.01952673405123747,0.6966896484243849
v2_lcc_precision,last_post_time_s,-0.01643007801171068,0.7104510437292837,513,0.01643007801171068,0.7421676081814839
v2_lcc_precision,clinical_last_post_time_s,-0.01643007801171068,0.7104510437292837,513,0.01643007801171068,0.7421676081814839
v2_lcc_precision,kin_fg_max_enh,0.015600454496178709,0.7211201689247715,526,0.015600454496178709,0.7466465465858253
v2_lcc_precision,kin_gt_late_slope,-0.010851654905917446,0.8557785564210907,283,0.010851654905917446,0.8706616617501531
v2_lcc_precision,kin_fg_mean_last_enh,0.008710280941759803,0.842031113993186,526,0.008710280941759803,0.8641898275193225
v2_lcc_precision,kin_ring_washout_index,-0.006482192060911825,0.8820942255604292,526,0.006482192060911825,0.8896984861256053
v2_lcc_precision,kin_fg_auc_enh,-0.005146531899477243,0.9062625101022558,526,0.005146531899477243,0.9062625101022558
v2_lcc_recall,v2_lcc_pred_to_gt_vol_ratio,0.3336074801355393,3.86458135399377e-15,526,0.3336074801355393,2.2607800920863554e-13
v2_lcc_recall,pred_to_gt_vol_ratio,0.3336074801355393,3.86458135399377e-15,526,0.3336074801355393,2.2607800920863554e-13
v2_lcc_recall,v1_lcc_pred_to_gt_vol_ratio,0.32485388787990976,2.157096714479771e-14,526,0.32485388787990976,8.412677186471106e-13
v2_lcc_recall,v2_raw_largest_component_fraction,0.30882358201223625,4.365110556841075e-13,526,0.30882358201223625,1.2767948378760146e-11
v2_lcc_recall,v1_raw_largest_component_fraction,0.2996324174931255,2.2587982534335058e-12,526,0.2996324174931255,5.2855879130344037e-11
v2_lcc_recall,v2_raw_second_largest_component_fraction,-0.24712374587538952,9.271638858530217e-09,526,0.24712374587538952,1.8079695774133923e-07
v2_lcc_recall,v1_raw_second_largest_component_fraction,-0.2409623914939248,2.194647899393557e-08,526,0.2409623914939248,3.668197203272088e-07
v2_lcc_recall,v2_small100_pred_to_gt_vol_ratio,0.23168088840975498,7.693251200997139e-08,526,0.23168088840975498,1.1251379881458315e-06
v2_lcc_recall,v2_small50_pred_to_gt_vol_ratio,0.22971936896330641,9.96195386235167e-08,526,0.22971936896330641,1.295054002105717e-06
v2_lcc_recall,v1_small100_pred_to_gt_vol_ratio,0.2239652813120718,2.0980670924883678e-07,526,0.2239652813120718,2.4547384982113903e-06
v2_lcc_recall,v1_small50_pred_to_gt_vol_ratio,0.22242539688682245,2.5523219735692615e-07,526,0.22242539688682245,2.6806279599286794e-06
v2_lcc_recall,v2_raw_pred_to_gt_vol_ratio,0.22183819621393805,2.7493620101832607e-07,526,0.22183819621393805,2.6806279599286794e-06
v2_lcc_recall,v1_raw_pred_to_gt_vol_ratio,0.2126332414385524,8.589878199353827e-07,526,0.2126332414385524,7.730890379418444e-06
v2_lcc_recall,v1_raw_n_components,-0.16997509887036064,8.943679342780279e-05,526,0.16997509887036064,0.0007474360593609233
v2_lcc_recall,v2_raw_n_components,-0.16681351740778266,0.00012120380071256523,526,0.16681351740778266,0.0008863027927106333
v2_lcc_recall,kin_n_components,-0.16681351740778266,0.00012120380071256523,526,0.16681351740778266,0.0008863027927106333
v2_lcc_recall,v1_raw_n_components_ge100,-0.16490162762904775,0.00014527612874362571,526,0.16490162762904775,0.000999841591941424
v2_lcc_recall,v2_raw_n_components_ge100,-0.16271052425400523,0.0001783628306842787,526,0.16271052425400523,0.0011381593024733228
v2_lcc_recall,v2_raw_n_components_ge50,-0.16232737631505634,0.00018482928843583873,526,0.16232737631505634,0.0011381593024733228
v2_lcc_recall,kin_gt_mean_first_enh,0.15342564317378038,0.00041347948393871486,526,0.15342564317378038,0.002418854981041482
v2_lcc_recall,v1_raw_n_components_ge50,-0.15186434187137654,0.00047412053909535985,526,0.15186434187137654,0.002641528717817005
v2_lcc_recall,kin_ring_mean_first_enh,0.13501523816469968,0.0019131923094819743,526,0.13501523816469968,0.010174704554972318
v2_lcc_recall,kin_ring_voxels,-0.1339990201710003,0.0020712914993882606,526,0.1339990201710003,0.010536569801235934
v2_lcc_recall,n_phases,-0.12289858047357938,0.004762963740182496,526,0.12289858047357938,0.021433336830821232
v2_lcc_recall,num_phases,-0.12289858047357938,0.004762963740182496,526,0.12289858047357938,0.021433336830821232
v2_lcc_recall,kin_n_phases,-0.12289858047357938,0.004762963740182496,526,0.12289858047357938,0.021433336830821232
v2_lcc_recall,kin_ring_max_enh,0.11816808669778942,0.006663428034782122,526,0.11816808669778942,0.0288748548173892
v2_lcc_recall,kin_ring_mean_last_enh,0.11519541941848062,0.008181301315355488,526,0.11519541941848062,0.03418615192487829
v2_lcc_recall,n_post_phases,-0.11176984425452904,0.01030715159014795,526,0.11176984425452904,0.040197891201577005
v2_lcc_recall,clinical_n_post_phases,-0.11176984425452904,0.01030715159014795,526,0.11176984425452904,0.040197891201577005
v2_lcc_recall,kin_gt_time_to_peak_s,-0.105413388250573,0.01557977782910566,526,0.105413388250573,0.05880109696791491
v2_lcc_recall,kin_gt_auc_enh_norm,0.10258063798222936,0.01860917037347728,526,0.10258063798222936,0.06803977917802631
v2_lcc_recall,kin_tumor_to_fg_max_enh_diff,0.09839385011602433,0.0240241821297165,526,0.09839385011602433,0.08517664573263123
v2_lcc_recall,kin_gt_observed_uptake_rate,0.09169384997598495,0.03551845312547407,526,0.09169384997598495,0.12222526516707252
v2_lcc_recall,kin_fg_washout_index,-0.08928609825486662,0.04066131427266233,526,0.08928609825486662,0.13592496485432834
v2_lcc_recall,kin_ring_auc_enh_norm,0.08859236353626276,0.042255044542115025,526,0.08859236353626276,0.13732889476187382
v2_lcc_recall,kin_gt_auc_enh,0.0860892255813838,0.04845030687570107,526,0.0860892255813838,0.15320772714748718
v2_lcc_recall,gt_vol_cm3,-0.0828964922363688,0.05743922941395446,526,0.0828964922363688,0.1723176882418634
v2_lcc_recall,log_gt_vol_cm3,-0.0828964922363688,0.05743922941395446,526,0.0828964922363688,0.1723176882418634
v2_lcc_recall,kin_selected_max_enh,-0.0824142397375728,0.059152576398969745,525,0.0824142397375728,0.1730212859669865
v2_lcc_recall,slice_thickness,-0.07889162294311129,0.07062689704919826,526,0.07889162294311129,0.2015450476769804
v2_lcc_recall,kin_gt_max_enh,0.07826230551688186,0.07290850197885794,526,0.07826230551688186,0.20310225551253283
v2_lcc_recall,v2_lcc_pred_voxels,0.07570521013688036,0.08280550257194917,526,0.07570521013688036,0.20802222814942942
v2_lcc_recall,v2_raw_largest_component_voxels,0.07570521013688036,0.08280550257194917,526,0.07570521013688036,0.20802222814942942
v2_lcc_recall,kin_v2_lcc_voxels,0.07570521013688036,0.08280550257194917,526,0.07570521013688036,0.20802222814942942
v2_lcc_recall,gt_voxels,-0.0755195386769388,0.08356448481216396,526,0.0755195386769388,0.20802222814942942
v2_lcc_recall,kin_gt_voxels,-0.0755195386769388,0.08356448481216396,526,0.0755195386769388,0.20802222814942942
v2_lcc_recall,kin_fg_auc_enh,-0.0730386059857339,0.09425484076851098,526,0.0730386059857339,0.22780565708367603
v2_lcc_recall,kin_ring_auc_enh,0.07278517906053601,0.09540578800940279,526,0.07278517906053601,0.22780565708367603
v2_lcc_recall,kin_fg_late_slope,0.0714190404332285,0.188936941834511,340,0.0714190404332285,0.3684270365772965
v2_lcc_recall,v1_lcc_pred_voxels,0.06960743476427544,0.11081032243210401,526,0.06960743476427544,0.2461506698699249
v2_lcc_recall,v1_raw_largest_component_voxels,0.06960743476427544,0.11081032243210401,526,0.06960743476427544,0.2461506698699249
v2_lcc_recall,kin_v1_lcc_voxels,0.06960743476427544,0.11081032243210401,526,0.06960743476427544,0.2461506698699249
v2_lcc_recall,kin_gt_mean_last_enh,0.06945999319417288,0.11157002796714263,526,0.06945999319417288,0.2461506698699249
v2_lcc_recall,kin_v2_kinetic_cc_voxels,0.06866975723806949,0.115711853357657,526,0.06866975723806949,0.2461506698699249
v2_lcc_recall,kin_selected_voxels,0.06866975723806949,0.115711853357657,526,0.06866975723806949,0.2461506698699249
v2_lcc_recall,v2_lcc_pred_vol_cm3,0.06787849167020177,0.11997887929857305,526,0.06787849167020177,0.2506701585345187
v2_lcc_recall,kin_gt_late_slope,0.06681390830502891,0.2626023704469401,283,0.06681390830502891,0.4876901165443174
v2_lcc_recall,v1_lcc_pred_vol_cm3,0.06309211527412238,0.14845913763848925,526,0.06309211527412238,0.3047319141000569
v2_lcc_recall,kin_selected_auc_norm,-0.06086571017994769,0.1637480966172413,525,0.06086571017994769,0.3303194362796074
v2_lcc_recall,kin_gt_washout_index,0.059816784076168354,0.1707360817749823,526,0.059816784076168354,0.3385783316554734
v2_lcc_recall,kin_ring_observed_uptake_rate,0.05680730919726153,0.1933238097335183,526,0.05680730919726153,0.3708014055544531
v2_lcc_recall,kin_tumor_to_ring_max_enh_diff,-0.05140813484824277,0.23919428739960552,526,0.05140813484824277,0.4513827681573201
v2_lcc_recall,kin_fg_observed_uptake_rate,-0.0481550381658802,0.2702734444309636,526,0.0481550381658802,0.4940936406003554
v2_lcc_recall,kin_selected_score,-0.04700353978680665,0.2823686523829844,525,0.04700353978680665,0.508263574289372
v2_lcc_recall,late_t_s,0.04578418672242595,0.29459359073364166,526,0.04578418672242595,0.5144395539677026
v2_lcc_recall,kin_late_t_s,0.04578418672242595,0.29459359073364166,526,0.04578418672242595,0.5144395539677026
v2_lcc_recall,kin_ring_washout_index,-0.04463961265819667,0.30684267953968153,526,0.04463961265819667,0.5279499045020991
v2_lcc_recall,post_contrast_span_s,-0.04313224890702004,0.3295628841260687,513,0.04313224890702004,0.5355396867048616
v2_lcc_recall,clinical_post_contrast_span_s,-0.04313224890702004,0.3295628841260687,513,0.04313224890702004,0.5355396867048616
v2_lcc_recall,late_dev_s,0.043072822193846144,0.32414817927752515,526,0.043072822193846144,0.5355396867048616
v2_lcc_recall,kin_late_dev_s,0.043072822193846144,0.32414817927752515,526,0.043072822193846144,0.5355396867048616
v2_lcc_recall,kin_fg_auc_enh_norm,-0.041886417060455906,0.3376658627208914,526,0.041886417060455906,0.5411904923060862
v2_lcc_recall,voxel_volume_mm3,-0.035763064331286905,0.4130572803251512,526,0.035763064331286905,0.6530770513249012
v2_lcc_recall,kin_fg_time_to_peak_s,0.03509569054302504,0.4218352523597835,526,0.03509569054302504,0.6580629936812622
v2_lcc_recall,kin_fg_max_enh,-0.0320408346911682,0.46338360155237235,526,0.0320408346911682,0.7133668602845733
v2_lcc_recall,kin_fg_mean_first_enh,-0.027801363091409497,0.5246319191885869,526,0.027801363091409497,0.7454905438760984
v2_lcc_recall,early_dev_s,0.02685220208105924,0.5388898488077325,526,0.02685220208105924,0.7454905438760984
v2_lcc_recall,kin_early_dev_s,0.02685220208105924,0.5388898488077325,526,0.02685220208105924,0.7454905438760984
v2_lcc_recall,early_t_s,0.02667350339880478,0.5415956942689604,526,0.02667350339880478,0.7454905438760984
v2_lcc_recall,kin_first_post_s,0.02667350339880478,0.5415956942689604,526,0.02667350339880478,0.7454905438760984
v2_lcc_recall,kin_early_t_s,0.02667350339880478,0.5415956942689604,526,0.02667350339880478,0.7454905438760984
v2_lcc_recall,kin_gt_first_post_s,0.02667350339880478,0.5415956942689604,526,0.02667350339880478,0.7454905438760984
v2_lcc_recall,kin_ring_first_post_s,0.02667350339880478,0.5415956942689604,526,0.02667350339880478,0.7454905438760984
v2_lcc_recall,kin_fg_first_post_s,0.02667350339880478,0.5415956942689604,526,0.02667350339880478,0.7454905438760984
v2_lcc_recall,kin_fg_mean_last_enh,-0.023689141700751454,0.5877588075593877,526,0.023689141700751454,0.7996253544703298
v2_lcc_recall,first_post_time_s,0.022121353334243737,0.6171619591488252,513,0.022121353334243737,0.820544877504688
v2_lcc_recall,clinical_first_post_time_s,0.022121353334243737,0.6171619591488252,513,0.022121353334243737,0.820544877504688
v2_lcc_recall,last_post_time_s,-0.02012538007543363,0.6492790465769678,513,0.02012538007543363,0.844062760550058
v2_lcc_recall,clinical_last_post_time_s,-0.02012538007543363,0.6492790465769678,513,0.02012538007543363,0.844062760550058
v2_lcc_recall,kin_fg_voxels,0.01813448826827084,0.6781759222501955,526,0.01813448826827084,0.8719404714645371
v2_lcc_recall,kin_tumor_to_ring_auc_norm_diff,0.016947688215502108,0.698169136250413,526,0.016947688215502108,0.8837651455406577
v2_lcc_recall,kin_last_post_s,-0.013617581944919853,0.7553548252484253,526,0.013617581944919853,0.8837651455406577
v2_lcc_recall,kin_acquisition_time_span_s,-0.013617581944919853,0.7553548252484253,526,0.013617581944919853,0.8837651455406577
v2_lcc_recall,kin_gt_last_post_s,-0.013617581944919853,0.7553548252484253,526,0.013617581944919853,0.8837651455406577
v2_lcc_recall,kin_gt_time_span_s,-0.013617581944919853,0.7553548252484253,526,0.013617581944919853,0.8837651455406577
v2_lcc_recall,kin_ring_last_post_s,-0.013617581944919853,0.7553548252484253,526,0.013617581944919853,0.8837651455406577
v2_lcc_recall,kin_ring_time_span_s,-0.013617581944919853,0.7553548252484253,526,0.013617581944919853,0.8837651455406577
v2_lcc_recall,kin_fg_last_post_s,-0.013617581944919853,0.7553548252484253,526,0.013617581944919853,0.8837651455406577
v2_lcc_recall,kin_fg_time_span_s,-0.013617581944919853,0.7553548252484253,526,0.013617581944919853,0.8837651455406577
v2_lcc_recall,v2_small100_pred_voxels,0.010836994892952602,0.8041660464319607,526,0.010836994892952602,0.9315586874508851
v2_lcc_recall,v2_small50_pred_voxels,0.008945747687655261,0.8378190654149371,526,0.008945747687655261,0.951866760967838
v2_lcc_recall,v1_small100_pred_voxels,0.008937407656847557,0.8379681741853616,526,0.008937407656847557,0.951866760967838
v2_lcc_recall,v1_small50_pred_voxels,0.006827002901451251,0.8758718156926222,526,0.006827002901451251,0.9853557926542
v2_lcc_recall,v1_raw_pred_vol_cm3,-0.005870726794878176,0.8931462686398608,526,0.005870726794878176,0.9933501141537587
v2_lcc_recall,v2_small100_pred_vol_cm3,0.0054944262089782845,0.8999582230794737,526,0.0054944262089782845,0.9933501141537587
v2_lcc_recall,v2_small50_pred_vol_cm3,0.0034087944560545263,0.9378329222451867,526,0.0034087944560545263,0.9951486285511351
v2_lcc_recall,v2_raw_pred_vol_cm3,-0.0028101156656717714,0.9487345925955633,526,0.0028101156656717714,0.9951486285511351
v2_lcc_recall,v2_raw_pred_voxels,0.0026150291181117457,0.9522891982243358,526,0.0026150291181117457,0.9951486285511351
v2_lcc_recall,kin_v2_raw_voxels,0.0026150291181117457,0.9522891982243358,526,0.0026150291181117457,0.9951486285511351
v2_lcc_recall,kin_ring_time_to_peak_s,-0.0015190050311900721,0.9722750646724911,526,0.0015190050311900721,0.9951486285511351
v2_lcc_recall,v1_small100_pred_vol_cm3,0.0014066474282448328,0.9743250855995353,526,0.0014066474282448328,0.9951486285511351
v2_lcc_recall,kin_selected_time_to_peak_s,-0.0012436937552306481,0.9773202410533808,525,0.0012436937552306481,0.9951486285511351
v2_lcc_recall,v1_raw_pred_voxels,0.0008688687575333542,0.9841392338676516,526,0.0008688687575333542,0.9951486285511351
v2_lcc_recall,kin_v1_raw_voxels,0.0008688687575333542,0.9841392338676516,526,0.0008688687575333542,0.9951486285511351
v2_lcc_recall,late_idx,-0.0007316913078012914,0.9866430847173647,526,0.0007316913078012914,0.9951486285511351
v2_lcc_recall,v1_small50_pred_vol_cm3,-8.426920077042779e-05,0.9984616076549553,526,8.426920077042779e-05,0.9984616076549553
