primary_failure_type,method,n_cases,dice_mean,dice_std,dice_median,iou_mean,iou_std,iou_median,precision_mean,precision_std,precision_median,recall_mean,recall_std,recall_median,pred_vol_cm3_mean,pred_vol_cm3_std,pred_vol_cm3_median,gt_vol_cm3_mean,gt_vol_cm3_std,gt_vol_cm3_median,pred_to_gt_vol_ratio_mean,pred_to_gt_vol_ratio_std,pred_to_gt_vol_ratio_median,largest_component_fraction_mean,largest_component_fraction_std,largest_component_fraction_median
good_segmentation,v1_raw,252,0.7243082461424011,0.12006742915653888,0.7455377338083373,0.5804424678707163,0.13663627102982398,0.5943090622211499,0.6734169194462398,0.17768306367026776,0.6872668852922206,0.8324159889305324,0.1086985986508815,0.8598140454267647,28.710094476993092,34.9222137232843,15.556986399709837,24.215993160849457,30.909253971549145,11.563412283408873,1.3730932386807195,0.6115645647006409,1.2152599475907198,0.8442523792489532,0.1648414565534867,0.9205977741262024
good_segmentation,v1_lcc,252,0.7950002347659154,0.09648448135107435,0.7977297708446076,0.6681363546841061,0.10855643902842957,0.6635197378675464,0.7864205022105827,0.13484110919748152,0.8074366533271491,0.8255750831575587,0.12351463454400266,0.8534257645257409,24.763567991053236,31.58333182365907,13.003701295593068,24.215993160849457,30.909253971549145,11.563412283408873,1.0823834355736333,0.26467170564043613,1.0563671316646692,,,
good_segmentation,v2_raw,252,0.7366052638573459,0.10544931583618382,0.7527220161206314,0.5934606585688289,0.12621570135629098,0.6034923868077724,0.6931966740734903,0.16783416311351926,0.7186604174813822,0.8304085104143505,0.10041558878805362,0.8536920874855112,27.85167085108314,33.870824575183825,15.172057948511792,24.215993160849457,30.909253971549145,11.563412283408873,1.31346827491246,0.5358537732462112,1.1950917086442097,0.8532311994302249,0.15984607132203568,0.9229609571089149
good_segmentation,v2_lcc,252,0.8067889254350922,0.06103859181847637,0.8046523765913387,0.6805637329417369,0.08674197001201013,0.6731540441726979,0.8070047495291782,0.10940485251888417,0.823682681169847,0.82753048530524,0.10257837067796607,0.849348718533973,24.32620378811731,31.307003858891672,12.734696088769997,24.215993160849457,30.909253971549145,11.563412283408873,1.0542379980565968,0.24051982743238964,1.0486523803267005,,,
good_segmentation,v1_small50,252,0.7346918775934252,0.11682338041984344,0.7532686069843931,0.5928957285280002,0.13480531074854432,0.6041968841013907,0.6903243318085062,0.17571544297560707,0.7161093142323764,0.8313647183523609,0.10939164221477364,0.8598140454267647,28.101095451955977,34.49368672658183,15.00608147866977,24.215993160849457,30.909253971549145,11.563412283408873,1.3275877223177142,0.5684522824154408,1.1900378573626744,,,
good_segmentation,v1_small100,252,0.7381468487933581,0.11569297180918628,0.7572503733727507,0.5970758766640848,0.1341351000173943,0.6093346958693058,0.6960137825215796,0.17490500905570747,0.7226317740824255,0.8308867349228429,0.10952138937612313,0.8574277894246447,27.92545819369796,34.39160051791398,14.857479969154902,24.215993160849457,30.909253971549145,11.563412283408873,1.312354030592477,0.5541347357386974,1.1835267339836253,,,
good_segmentation,v2_small50,252,0.7466927863503837,0.10194634061123306,0.7604725693870332,0.6057731131787472,0.1241676416878556,0.6135182484449921,0.7102409285722766,0.16535099451228924,0.7422270022623727,0.8291618047519996,0.1014861801655857,0.8532894653279076,27.260551883425492,33.442543768630074,14.437354648925353,24.215993160849457,30.909253971549145,11.563412283408873,1.271354446245694,0.498366251682586,1.153063867829403,,,
good_segmentation,v2_small100,252,0.749700881319117,0.10089306470590122,0.762671271353393,0.609479121780108,0.12349044592479322,0.6163854295750182,0.7154198312340472,0.16444996122824823,0.7459706912415154,0.8286279419696396,0.10169957793269986,0.8517876644580209,27.102671796821213,33.345046957188956,14.232443408795227,24.215993160849457,30.909253971549145,11.563412283408873,1.258629743794007,0.48749731581537803,1.1425340455512667,,,
good_segmentation,kin_v1_raw,252,0.7243082461424011,0.12006742915653888,0.7455377338083373,,,,0.6734169194462398,0.17768306367026776,0.6872668852922206,0.8324159889305324,0.1086985986508815,0.8598140454267647,,,,24.215993160849457,30.909253971549145,11.563412283408873,,,,,,
good_segmentation,kin_v1_lcc,252,0.7950002347659154,0.09648448135107435,0.7977297708446076,,,,0.7864205022105827,0.13484110919748152,0.8074366533271491,0.8255750831575587,0.12351463454400266,0.8534257645257409,,,,24.215993160849457,30.909253971549145,11.563412283408873,,,,,,
good_segmentation,kin_v2_raw,252,0.7366052638573459,0.10544931583618382,0.7527220161206314,,,,0.6931966740734903,0.16783416311351926,0.7186604174813822,0.8304085104143505,0.10041558878805362,0.8536920874855112,,,,24.215993160849457,30.909253971549145,11.563412283408873,,,,,,
good_segmentation,kin_v2_lcc,252,0.8067889254350922,0.06103859181847637,0.8046523765913387,,,,0.8070047495291782,0.10940485251888417,0.823682681169847,0.82753048530524,0.10257837067796607,0.849348718533973,,,,24.215993160849457,30.909253971549145,11.563412283408873,,,,,,
good_segmentation,kin_v2_kinetic_cc,252,0.33962559040207196,0.40079358624456235,0.0,,,,0.3648682164352425,0.4084610837994965,0.0,0.34815062386652695,0.4139006090115237,0.0,,,,24.215993160849457,30.909253971549145,11.563412283408873,,,,,,
good_segmentation,kin_delta_v2_lcc_minus_raw,252,0.0701836615777464,0.09175925403315131,0.028495140924347448,,,,,,,,,,,,,24.215993160849457,30.909253971549145,11.563412283408873,,,,,,
good_segmentation,kin_delta_kineticcc_minus_lcc,252,-0.46716333503302027,0.4016554485567735,-0.7324616308085791,,,,,,,,,,,,,24.215993160849457,30.909253971549145,11.563412283408873,,,,,,
good_segmentation,v1_raw_error_1_minus,252,0.2756917538575989,0.12006742915653888,0.2544622661916627,,,,,,,,,,,,,24.215993160849457,30.909253971549145,11.563412283408873,,,,,,
good_segmentation,v1_lcc_error_1_minus,252,0.2049997652340845,0.09648448135107436,0.20227022915539233,,,,,,,,,,,,,24.215993160849457,30.909253971549145,11.563412283408873,,,,,,
good_segmentation,v1_small50_error_1_minus,252,0.2653081224065748,0.11682338041984346,0.24673139301560681,,,,,,,,,,,,,24.215993160849457,30.909253971549145,11.563412283408873,,,,,,
good_segmentation,v1_small100_error_1_minus,252,0.2618531512066418,0.11569297180918628,0.2427496266272493,,,,,,,,,,,,,24.215993160849457,30.909253971549145,11.563412283408873,,,,,,
good_segmentation,v2_raw_error_1_minus,252,0.2633947361426542,0.10544931583618382,0.24727798387936856,,,,,,,,,,,,,24.215993160849457,30.909253971549145,11.563412283408873,,,,,,
good_segmentation,v2_lcc_error_1_minus,252,0.19321107456490771,0.06103859181847637,0.1953476234086612,,,,,,,,,,,,,24.215993160849457,30.909253971549145,11.563412283408873,,,,,,
good_segmentation,v2_small50_error_1_minus,252,0.2533072136496163,0.10194634061123306,0.23952743061296675,,,,,,,,,,,,,24.215993160849457,30.909253971549145,11.563412283408873,,,,,,
good_segmentation,v2_small100_error_1_minus,252,0.2502991186808829,0.10089306470590123,0.2373287286466069,,,,,,,,,,,,,24.215993160849457,30.909253971549145,11.563412283408873,,,,,,
low_volume_undersegmentation,v1_raw,50,0.34790075208967525,0.20133663031044502,0.3593677236079065,0.228129844761939,0.1480832348809007,0.2190460867117446,0.5814375714354441,0.30137181125915474,0.6049978392229928,0.26315691656052476,0.16511080360689329,0.24478408349204325,30.470006970310756,39.277983339082866,13.98781534953026,77.74047157068003,101.59003858052553,38.8555896869002,0.4440314082035906,0.24622754421092258,0.4325921338936882,0.7231315413282211,0.22735187920575595,0.7968802162129868
low_volume_undersegmentation,v1_lcc,50,0.3420447719537162,0.21869825598424494,0.377106728724813,0.22674055395697182,0.1591977680944144,0.23236702648543206,0.6940914680266398,0.34751075755740024,0.8333265235056434,0.23967908196536314,0.16802875181123028,0.2366833656271867,24.881114697548618,36.09539591424579,9.342011369782819,77.74047157068003,101.59003858052553,38.8555896869002,0.31826872617166624,0.16541559742672027,0.2908842325743413,,,
low_volume_undersegmentation,v2_raw,50,0.3460789720522305,0.19728593306765332,0.3555787035889145,0.22596457174358028,0.14408281494325462,0.21625367906301796,0.6018617900585348,0.30479909038890696,0.6506440483405979,0.2536923456864367,0.15387639995684058,0.24478408349204325,29.604290903653727,39.136807736191166,12.609502443610413,77.74047157068003,101.59003858052553,38.8555896869002,0.40979350386022906,0.19885809134392793,0.4216901448535272,0.7283827214729497,0.22813763312730412,0.804883855634402
low_volume_undersegmentation,v2_lcc,50,0.3351018945207687,0.21079863979566799,0.37198699084133224,0.21990375217024144,0.15113590800875906,0.22850151137601427,0.7099950087815098,0.35392652368914435,0.8513204573120678,0.22910815522938852,0.1557138391147071,0.2366833656271867,24.293265954370266,35.88475416300497,8.339492234042797,77.74047157068003,101.59003858052553,38.8555896869002,0.2973594691721772,0.14438798058903599,0.2908880969088057,,,
low_volume_undersegmentation,v1_small50,50,0.3456598823417913,0.20281414384854263,0.35480214221084105,0.22668655508761518,0.14881693317921282,0.2156595390854374,0.5998296611698691,0.30357624372342024,0.6286230032251656,0.25715495332198124,0.16455876993860508,0.2374332502351666,29.152784841960514,38.20962496297709,13.33846059614655,77.74047157068003,101.59003858052553,38.8555896869002,0.4101574426638912,0.2238862069659104,0.40746788952023955,,,
low_volume_undersegmentation,v1_small100,50,0.34514665881075474,0.20323136622566387,0.35467970488869116,0.2263619958103847,0.14896498829191773,0.2155695496295601,0.6039914151331962,0.3047792401124675,0.6318118541915282,0.25578587180250445,0.16439251382009704,0.2367331629902248,28.851666226334785,38.01833694454679,13.133418329175647,77.74047157068003,101.59003858052553,38.8555896869002,0.4035622132042585,0.21892577881781772,0.3980051293833843,,,
low_volume_undersegmentation,v2_small50,50,0.34322167734752634,0.19837160514880012,0.3544452131858291,0.22399689945791124,0.1445213717301909,0.21539617568850689,0.6212860737496255,0.30758777187493846,0.6890868574725679,0.24754388357586868,0.15313186004831827,0.2374358433271695,28.335353290196082,38.08203730469414,12.137559695872582,77.74047157068003,101.59003858052553,38.8555896869002,0.37870481510395676,0.18557803544626802,0.39423790562364047,,,
low_volume_undersegmentation,v2_small100,50,0.3426244386385601,0.1986813927406817,0.3546993325416849,0.22359408173305093,0.1446146509430855,0.21558406619812798,0.6265775196395357,0.30889317559094764,0.7008764253102872,0.2457901573304693,0.1525480239404796,0.2367331629902248,28.030791228781737,37.89087822779574,11.945229055412128,77.74047157068003,101.59003858052553,38.8555896869002,0.3710379046399994,0.17953682962072168,0.3799509097639704,,,
low_volume_undersegmentation,kin_v1_raw,50,0.34790075208967525,0.20133663031044502,0.3593677236079065,,,,0.5814375714354441,0.30137181125915474,0.6049978392229928,0.26315691656052476,0.16511080360689329,0.24478408349204325,,,,77.74047157068003,101.59003858052553,38.8555896869002,,,,,,
low_volume_undersegmentation,kin_v1_lcc,50,0.3420447719537162,0.21869825598424494,0.377106728724813,,,,0.6940914680266398,0.34751075755740024,0.8333265235056434,0.23967908196536314,0.16802875181123028,0.2366833656271867,,,,77.74047157068003,101.59003858052553,38.8555896869002,,,,,,
low_volume_undersegmentation,kin_v2_raw,50,0.3460789720522305,0.19728593306765332,0.3555787035889145,,,,0.6018617900585348,0.30479909038890696,0.6506440483405979,0.2536923456864367,0.15387639995684058,0.24478408349204325,,,,77.74047157068003,101.59003858052553,38.8555896869002,,,,,,
low_volume_undersegmentation,kin_v2_lcc,50,0.3351018945207687,0.21079863979566799,0.37198699084133224,,,,0.7099950087815098,0.35392652368914435,0.8513204573120678,0.22910815522938852,0.1557138391147071,0.2366833656271867,,,,77.74047157068003,101.59003858052553,38.8555896869002,,,,,,
low_volume_undersegmentation,kin_v2_kinetic_cc,50,0.12262838076566868,0.2216415017078323,0.0,,,,0.38527074780018644,0.46425439234679056,0.0,0.0855820306261907,0.15953367147259492,0.0,,,,77.74047157068003,101.59003858052553,38.8555896869002,,,,,,
low_volume_undersegmentation,kin_delta_v2_lcc_minus_raw,50,-0.010977077531461566,0.053983040256110906,-0.0018506063625888,,,,,,,,,,,,,77.74047157068003,101.59003858052553,38.8555896869002,,,,,,
low_volume_undersegmentation,kin_delta_kineticcc_minus_lcc,50,-0.21247351375510015,0.22158322800504268,-0.20551169201494113,,,,,,,,,,,,,77.74047157068003,101.59003858052553,38.8555896869002,,,,,,
low_volume_undersegmentation,v1_raw_error_1_minus,50,0.6520992479103248,0.20133663031044502,0.6406322763920934,,,,,,,,,,,,,77.74047157068003,101.59003858052553,38.8555896869002,,,,,,
low_volume_undersegmentation,v1_lcc_error_1_minus,50,0.6579552280462838,0.218698255984245,0.6228932712751869,,,,,,,,,,,,,77.74047157068003,101.59003858052553,38.8555896869002,,,,,,
low_volume_undersegmentation,v1_small50_error_1_minus,50,0.6543401176582087,0.20281414384854266,0.645197857789159,,,,,,,,,,,,,77.74047157068003,101.59003858052553,38.8555896869002,,,,,,
low_volume_undersegmentation,v1_small100_error_1_minus,50,0.6548533411892451,0.20323136622566387,0.6453202951113088,,,,,,,,,,,,,77.74047157068003,101.59003858052553,38.8555896869002,,,,,,
low_volume_undersegmentation,v2_raw_error_1_minus,50,0.6539210279477696,0.1972859330676533,0.6444212964110855,,,,,,,,,,,,,77.74047157068003,101.59003858052553,38.8555896869002,,,,,,
low_volume_undersegmentation,v2_lcc_error_1_minus,50,0.6648981054792311,0.21079863979566796,0.6280130091586678,,,,,,,,,,,,,77.74047157068003,101.59003858052553,38.8555896869002,,,,,,
low_volume_undersegmentation,v2_small50_error_1_minus,50,0.6567783226524737,0.19837160514880015,0.6455547868141709,,,,,,,,,,,,,77.74047157068003,101.59003858052553,38.8555896869002,,,,,,
low_volume_undersegmentation,v2_small100_error_1_minus,50,0.6573755613614399,0.19868139274068172,0.6453006674583152,,,,,,,,,,,,,77.74047157068003,101.59003858052553,38.8555896869002,,,,,,
mixed_or_boundary_error,v1_raw,53,0.5667638920863491,0.11073652585329655,0.6008070542519802,0.40314518116222264,0.10193589846660156,0.4293954283272805,0.5546204344088476,0.20339035741269434,0.5250146652141121,0.6438931221883805,0.12705139012002772,0.6155859261413201,33.131886464852485,37.521853455989536,19.134799277212004,25.754472185305378,28.76541914395701,15.211181640625,1.355420907513159,0.609008555156287,1.2382695552773393,0.8114879218190908,0.17044252330537654,0.8737886077537197
mixed_or_boundary_error,v1_lcc,53,0.6309451952319802,0.08405590204222786,0.6540319129424711,0.46566407457257364,0.07997310053072207,0.4859193313953488,0.671143311360501,0.18005932382321385,0.6412917140974178,0.6368378138658606,0.1284408321943474,0.6082773539792782,26.677117962536233,32.50260501747112,12.755153441187217,25.754472185305378,28.76541914395701,15.211181640625,1.0389174283888067,0.3961659666194793,0.959347959582426,,,
mixed_or_boundary_error,v2_raw,53,0.5721379148447987,0.10562582824574791,0.6008070542519802,0.40777489495710995,0.09781859013702054,0.4293954283272805,0.5701995802586901,0.20243091481785938,0.545747038775948,0.6357614901081352,0.12748021589211195,0.5990382413556217,32.05140876959419,37.15501495608667,19.13590706388932,25.754472185305378,28.76541914395701,15.211181640625,1.2928708318798487,0.5772945518591955,1.159711684370258,0.8126122576067679,0.16791342416464639,0.8737911220814956
mixed_or_boundary_error,v2_lcc,53,0.6346875242921081,0.0784307392879782,0.6621338912133892,0.4690630048087046,0.07469925544809797,0.4949179046129789,0.6882448591211222,0.1762848573266728,0.6618504435994931,0.6282910564037303,0.12890129887280619,0.5899053627760252,25.792072144000375,32.16025357341441,12.602181241102516,25.754472185305378,28.76541914395701,15.211181640625,0.9930836816749004,0.3706002835629978,0.9435987372851632,,,
mixed_or_boundary_error,v1_small50,53,0.5750727739664332,0.10865358285403517,0.606158283145305,0.41110304270588643,0.1008868153202536,0.4348831548198636,0.5706886854761539,0.20410984624637385,0.551040197461213,0.641461438651055,0.12762368338974034,0.6147135795289328,32.06057817731553,36.47085970968249,18.3837199099944,25.754472185305378,28.76541914395701,15.211181640625,1.30488516875757,0.5802304225729606,1.169751238364814,,,
mixed_or_boundary_error,v1_small100,53,0.5777190828943187,0.1077009379747405,0.6095159967186218,0.41361255159310123,0.1002164472360696,0.4383480825958702,0.5762321857781927,0.20467322118625045,0.5523726044862345,0.6403917083590819,0.12805321863287594,0.6147135795289328,31.733376873000125,36.18946991968865,17.881892545172015,25.754472185305378,28.76541914395701,15.211181640625,1.2873299461870988,0.5691851089256863,1.1508491644439605,,,
mixed_or_boundary_error,v2_small50,53,0.5803693945985643,0.1032369450624451,0.6061685667752443,0.41568063743977357,0.09646286829273945,0.4348937413276856,0.5870306920813111,0.2030024097276493,0.5582384730366793,0.6331671253507412,0.1281661495179917,0.5978932905885047,31.000220978389592,36.11572830668977,18.38482769667171,25.754472185305378,28.76541914395701,15.211181640625,1.2433943936262004,0.5481529639842195,1.079514415781487,,,
mixed_or_boundary_error,v2_small100,53,0.5827080854868961,0.10243401222815988,0.60951922262681,0.4179269137539509,0.09595098972848481,0.4383514195559582,0.5924494224372225,0.2038379791486169,0.5582384730366793,0.6319013113773014,0.12854230412982753,0.5978932905885047,30.679536492905967,35.83372251632422,17.881892545172015,25.754472185305378,28.76541914395701,15.211181640625,1.2269606563203792,0.5364254536555625,1.0627924248050502,,,
mixed_or_boundary_error,kin_v1_raw,53,0.5667638920863491,0.11073652585329655,0.6008070542519802,,,,0.5546204344088476,0.20339035741269434,0.5250146652141121,0.6438931221883805,0.12705139012002772,0.6155859261413201,,,,25.754472185305378,28.76541914395701,15.211181640625,,,,,,
mixed_or_boundary_error,kin_v1_lcc,53,0.6309451952319802,0.08405590204222786,0.6540319129424711,,,,0.671143311360501,0.18005932382321385,0.6412917140974178,0.6368378138658606,0.1284408321943474,0.6082773539792782,,,,25.754472185305378,28.76541914395701,15.211181640625,,,,,,
mixed_or_boundary_error,kin_v2_raw,53,0.5721379148447987,0.10562582824574791,0.6008070542519802,,,,0.5701995802586901,0.20243091481785938,0.545747038775948,0.6357614901081352,0.12748021589211195,0.5990382413556217,,,,25.754472185305378,28.76541914395701,15.211181640625,,,,,,
mixed_or_boundary_error,kin_v2_lcc,53,0.6346875242921081,0.0784307392879782,0.6621338912133892,,,,0.6882448591211222,0.1762848573266728,0.6618504435994931,0.6282910564037303,0.12890129887280619,0.5899053627760252,,,,25.754472185305378,28.76541914395701,15.211181640625,,,,,,
mixed_or_boundary_error,kin_v2_kinetic_cc,53,0.2677211365868583,0.32231070586586225,0.0035099199857223,,,,0.4454511991232807,0.38346535203658744,0.5383725026420412,0.2605473123911326,0.32452589943976834,0.0017582024614834,,,,25.754472185305378,28.76541914395701,15.211181640625,,,,,,
mixed_or_boundary_error,kin_delta_v2_lcc_minus_raw,53,0.06254960944730914,0.06936896054297143,0.0345348598633654,,,,,,,,,,,,,25.754472185305378,28.76541914395701,15.211181640625,,,,,,
mixed_or_boundary_error,kin_delta_kineticcc_minus_lcc,53,-0.36696638770524953,0.3187204431049595,-0.5600366636113657,,,,,,,,,,,,,25.754472185305378,28.76541914395701,15.211181640625,,,,,,
mixed_or_boundary_error,v1_raw_error_1_minus,53,0.4332361079136508,0.11073652585329655,0.3991929457480198,,,,,,,,,,,,,25.754472185305378,28.76541914395701,15.211181640625,,,,,,
mixed_or_boundary_error,v1_lcc_error_1_minus,53,0.36905480476801983,0.08405590204222786,0.3459680870575289,,,,,,,,,,,,,25.754472185305378,28.76541914395701,15.211181640625,,,,,,
mixed_or_boundary_error,v1_small50_error_1_minus,53,0.4249272260335667,0.10865358285403516,0.393841716854695,,,,,,,,,,,,,25.754472185305378,28.76541914395701,15.211181640625,,,,,,
mixed_or_boundary_error,v1_small100_error_1_minus,53,0.4222809171056813,0.1077009379747405,0.3904840032813782,,,,,,,,,,,,,25.754472185305378,28.76541914395701,15.211181640625,,,,,,
mixed_or_boundary_error,v2_raw_error_1_minus,53,0.4278620851552013,0.10562582824574791,0.3991929457480198,,,,,,,,,,,,,25.754472185305378,28.76541914395701,15.211181640625,,,,,,
mixed_or_boundary_error,v2_lcc_error_1_minus,53,0.3653124757078921,0.07843073928797821,0.3378661087866108,,,,,,,,,,,,,25.754472185305378,28.76541914395701,15.211181640625,,,,,,
mixed_or_boundary_error,v2_small50_error_1_minus,53,0.41963060540143576,0.10323694506244509,0.3938314332247556,,,,,,,,,,,,,25.754472185305378,28.76541914395701,15.211181640625,,,,,,
mixed_or_boundary_error,v2_small100_error_1_minus,53,0.41729191451310377,0.10243401222815988,0.39048077737319,,,,,,,,,,,,,25.754472185305378,28.76541914395701,15.211181640625,,,,,,
oversegmentation,v1_raw,16,0.4826340713894467,0.09454640523674954,0.4819833104163108,0.3228489958764661,0.08191576321073955,0.31764565577844717,0.35609387609786536,0.08731694117589368,0.3466517747788898,0.7807680742969343,0.11168907698376716,0.7807069163638948,72.86703509451254,75.21484655430147,45.28557419743438,36.47973422482882,39.19174333402678,21.88959988039799,2.3295050658724064,0.7276593529462562,2.087453662720817,0.8116261671561685,0.14870949427831998,0.8381656080261893
oversegmentation,v1_lcc,16,0.5541717735969913,0.06449580690517487,0.5533824126981468,0.3858056628170673,0.06026523037935309,0.38253562827314763,0.43403847816233154,0.05602221617035708,0.4565794952708899,0.7768949154329227,0.11198977548063836,0.7791123597847724,59.13037496328745,55.434901255932594,41.80256415126108,36.47973422482882,39.19174333402678,21.88959988039799,1.8066864207770317,0.2819569319924702,1.8136089025882947,,,
oversegmentation,v2_raw,16,0.4986852596302727,0.08593659595930418,0.5061358562580727,0.3361873300703453,0.07509137440016841,0.338810046265908,0.37420171502897825,0.07789638880329997,0.3797139422029273,0.770314556408944,0.11017044662049412,0.770883044354913,67.3337256462147,63.989040676838464,45.28679490055938,36.47973422482882,39.19174333402678,21.88959988039799,2.1508616346647544,0.6018740053129571,1.9872390300490093,0.8240180153642314,0.14002110595539283,0.8509064358036985
oversegmentation,v2_lcc,16,0.565672376523066,0.06039791310937052,0.5623833603965797,0.39659285159819924,0.05613486527545728,0.3911945937806524,0.45077948279705526,0.04834348133841334,0.45707701234698916,0.766544222017833,0.11079555042382636,0.767835336067503,56.58822646492705,52.322774373133406,41.80405676522936,36.47973422482882,39.19174333402678,21.88959988039799,1.7059168628015093,0.20526300761531854,1.730932791817504,,,
oversegmentation,v1_small50,16,0.4919300326079586,0.09490132270734045,0.49288851805069295,0.33107798900651386,0.08288006641768465,0.3270727572990217,0.3662192225561741,0.0878551887349845,0.36484596330871877,0.7793876331505543,0.1126448398130471,0.7792176155562972,70.91694029328417,73.18102136498503,44.70496631373199,36.47973422482882,39.19174333402678,21.88959988039799,2.2559204499803713,0.6990325782474826,2.019689020285072,,,
oversegmentation,v1_small100,16,0.4952333435727811,0.09499777325791754,0.49662563788473424,0.3340265146409094,0.0832434457983296,0.3303492809776389,0.36972713256560114,0.08799414972622119,0.3688404430246447,0.779254656178543,0.11264114871285522,0.7791123597847724,70.37992435849657,72.76258846695065,44.53104441516543,36.47973422482882,39.19174333402678,21.88959988039799,2.231452550107938,0.685301744071143,2.0001847008662472,,,
oversegmentation,v2_small50,16,0.5085242807533057,0.0868318069438456,0.5145174081581418,0.3451209523380391,0.07650075428741288,0.3463731195542565,0.38553376350588764,0.07902085946698548,0.3940079378922939,0.7689074237637269,0.11119970285324524,0.7694288288044903,65.4703652423364,62.112329125685875,44.70618701685699,36.47973422482882,39.19174333402678,21.88959988039799,2.082041601116969,0.5856020831010919,1.934369395701092,,,
oversegmentation,v2_small100,16,0.511803323060317,0.08727837733579427,0.5191822321725588,0.3481390563841899,0.07710040375901399,0.35063246136462756,0.3893135585796549,0.07944052887004788,0.3978898751332202,0.7683805826473636,0.1111558965046494,0.767835336067503,64.97001177108694,61.728624736377995,44.53226511829043,36.47973422482882,39.19174333402678,21.88959988039799,2.0596092001927246,0.5789394391918135,1.923877233838665,,,
oversegmentation,kin_v1_raw,16,0.4826340713894467,0.09454640523674954,0.4819833104163108,,,,0.35609387609786536,0.08731694117589368,0.3466517747788898,0.7807680742969343,0.11168907698376716,0.7807069163638948,,,,36.47973422482882,39.19174333402678,21.88959988039799,,,,,,
oversegmentation,kin_v1_lcc,16,0.5541717735969913,0.06449580690517487,0.5533824126981468,,,,0.43403847816233154,0.05602221617035708,0.4565794952708899,0.7768949154329227,0.11198977548063836,0.7791123597847724,,,,36.47973422482882,39.19174333402678,21.88959988039799,,,,,,
oversegmentation,kin_v2_raw,16,0.4986852596302727,0.08593659595930418,0.5061358562580727,,,,0.37420171502897825,0.07789638880329997,0.3797139422029273,0.770314556408944,0.11017044662049412,0.770883044354913,,,,36.47973422482882,39.19174333402678,21.88959988039799,,,,,,
oversegmentation,kin_v2_lcc,16,0.565672376523066,0.06039791310937052,0.5623833603965797,,,,0.45077948279705526,0.04834348133841334,0.45707701234698916,0.766544222017833,0.11079555042382636,0.767835336067503,,,,36.47973422482882,39.19174333402678,21.88959988039799,,,,,,
oversegmentation,kin_v2_kinetic_cc,16,0.1814620350499831,0.27923240944104266,0.0,,,,0.18381899904207788,0.21967007075766257,0.0,0.25186398218580863,0.38911156255300433,0.0,,,,36.47973422482882,39.19174333402678,21.88959988039799,,,,,,
oversegmentation,kin_delta_v2_lcc_minus_raw,16,0.0669871168927932,0.05944994741427652,0.057078788815486003,,,,,,,,,,,,,36.47973422482882,39.19174333402678,21.88959988039799,,,,,,
oversegmentation,kin_delta_kineticcc_minus_lcc,16,-0.3842103414730829,0.2726956940927728,-0.5481100110992883,,,,,,,,,,,,,36.47973422482882,39.19174333402678,21.88959988039799,,,,,,
oversegmentation,v1_raw_error_1_minus,16,0.5173659286105532,0.09454640523674955,0.5180166895836891,,,,,,,,,,,,,36.47973422482882,39.19174333402678,21.88959988039799,,,,,,
oversegmentation,v1_lcc_error_1_minus,16,0.44582822640300857,0.06449580690517485,0.44661758730185314,,,,,,,,,,,,,36.47973422482882,39.19174333402678,21.88959988039799,,,,,,
oversegmentation,v1_small50_error_1_minus,16,0.5080699673920415,0.09490132270734046,0.507111481949307,,,,,,,,,,,,,36.47973422482882,39.19174333402678,21.88959988039799,,,,,,
oversegmentation,v1_small100_error_1_minus,16,0.5047666564272189,0.09499777325791753,0.5033743621152658,,,,,,,,,,,,,36.47973422482882,39.19174333402678,21.88959988039799,,,,,,
oversegmentation,v2_raw_error_1_minus,16,0.5013147403697272,0.08593659595930418,0.4938641437419274,,,,,,,,,,,,,36.47973422482882,39.19174333402678,21.88959988039799,,,,,,
oversegmentation,v2_lcc_error_1_minus,16,0.434327623476934,0.06039791310937052,0.43761663960342034,,,,,,,,,,,,,36.47973422482882,39.19174333402678,21.88959988039799,,,,,,
oversegmentation,v2_small50_error_1_minus,16,0.4914757192466942,0.08683180694384561,0.48548259184185816,,,,,,,,,,,,,36.47973422482882,39.19174333402678,21.88959988039799,,,,,,
oversegmentation,v2_small100_error_1_minus,16,0.48819667693968305,0.08727837733579427,0.4808177678274411,,,,,,,,,,,,,36.47973422482882,39.19174333402678,21.88959988039799,,,,,,
severe_miss_or_undersegmentation,v1_raw,34,0.3151011006728522,0.1240857390402171,0.3089185649618257,0.19318386007871352,0.08656387883084012,0.1826879824437765,0.2139384910766643,0.0894998674221766,0.21512511405961632,0.6908836659781089,0.2584849818967332,0.8133959799929352,50.367497824537466,47.119013598097304,30.17437744140625,16.876996713747776,19.62738156441101,8.463440221068286,3.824140236646018,2.586192223257799,2.9169938580892696,0.6053138174587614,0.1455630728553695,0.5560109813091691
severe_miss_or_undersegmentation,v1_lcc,34,0.02681476931378979,0.12401228054723903,0.0,0.019270851872534567,0.09342508467715675,0.0,0.02186072988304051,0.09772012666096756,0.0,0.03574200236298255,0.17306547913884993,0.0,32.94110764116101,36.239020008040995,18.324789455964492,16.876996713747776,19.62738156441101,8.463440221068286,2.3737904701180335,1.872202916814175,1.778199710220186,,,
severe_miss_or_undersegmentation,v2_raw,34,0.31162991159767994,0.12994310309320192,0.3032542627112615,0.19140586703733686,0.09174651523551854,0.1787269942112003,0.21111706388297727,0.0959434409140298,0.20819352985812445,0.6894029702586948,0.2571073351952814,0.8042052199029548,51.86395469521562,48.61325766360208,35.90545805906004,16.876996713747776,19.62738156441101,8.463440221068286,3.902070490947413,2.5998198182123833,2.9201425174499684,0.6197682341800218,0.14525084884155318,0.5587607074882932
severe_miss_or_undersegmentation,v2_lcc,34,0.006313087129827865,0.03681130736199327,0.0,0.0035360401695588707,0.020618480126938395,0.0,0.00604595473988228,0.0352536712466655,0.0,0.006604916494152259,0.03851295034687209,0.0,34.766124894021296,38.36837103487451,21.330996277231307,16.876996713747776,19.62738156441101,8.463440221068286,2.478363852558147,1.8923105433650558,1.8277313893976292,,,
severe_miss_or_undersegmentation,v1_small50,34,0.31976327418732975,0.12842952734356433,0.31970042314238195,0.19693832869915748,0.08965779203747068,0.1903063067113239,0.218804952659106,0.09306960799747871,0.22530530164078275,0.6859321942480543,0.2647179259070867,0.811493091015018,48.83351778423754,46.49265304872698,29.718365478515626,16.876996713747776,19.62738156441101,8.463440221068286,3.6884530561219457,2.48846914470083,2.7782136108254343,,,
severe_miss_or_undersegmentation,v1_small100,34,0.32117747346753966,0.1294626082064111,0.32340536218478294,0.1980544567235307,0.090393970949054,0.19294948435303938,0.22028610379449745,0.09413203206535826,0.22826430980776297,0.685046372764854,0.2654856515012443,0.8108859153020466,48.47666416789916,46.36285565057949,29.632696533203124,16.876996713747776,19.62738156441101,8.463440221068286,3.6589998989979726,2.469793885335389,2.757061014311234,,,
severe_miss_or_undersegmentation,v2_small50,34,0.31610137685326695,0.13421414603450502,0.30709959777024354,0.19503069870408976,0.09483735002210684,0.18140714606097463,0.21582050570405256,0.09971111248922492,0.2167263344008149,0.6843965806254738,0.26326138367978147,0.7980156088761452,50.31041007170451,47.9347542183022,34.97265908730042,16.876996713747776,19.62738156441101,8.463440221068286,3.7673672731085066,2.5029677392080774,2.857369205778348,,,
severe_miss_or_undersegmentation,v2_small100,34,0.3177997079785794,0.13581393408027992,0.3091209119546281,0.19642933066795903,0.0962028418054893,0.182820093546021,0.2176253339643957,0.10157398481254057,0.21898055365329575,0.6835791769604562,0.26396637107294146,0.7941783112459285,49.9416264890322,47.79102704124007,34.780125513791425,16.876996713747776,19.62738156441101,8.463440221068286,3.7368635934574845,2.4854489195907945,2.848705351156218,,,
severe_miss_or_undersegmentation,kin_v1_raw,34,0.3151011006728522,0.1240857390402171,0.3089185649618257,,,,0.2139384910766643,0.0894998674221766,0.21512511405961632,0.6908836659781089,0.2584849818967332,0.8133959799929352,,,,16.876996713747776,19.62738156441101,8.463440221068286,,,,,,
severe_miss_or_undersegmentation,kin_v1_lcc,34,0.02681476931378979,0.12401228054723903,0.0,,,,0.02186072988304051,0.09772012666096756,0.0,0.03574200236298255,0.17306547913884993,0.0,,,,16.876996713747776,19.62738156441101,8.463440221068286,,,,,,
severe_miss_or_undersegmentation,kin_v2_raw,34,0.31162991159767994,0.12994310309320192,0.3032542627112615,,,,0.21111706388297727,0.0959434409140298,0.20819352985812445,0.6894029702586948,0.2571073351952814,0.8042052199029548,,,,16.876996713747776,19.62738156441101,8.463440221068286,,,,,,
severe_miss_or_undersegmentation,kin_v2_lcc,34,0.006313087129827865,0.03681130736199327,0.0,,,,0.00604595473988228,0.0352536712466655,0.0,0.006604916494152259,0.03851295034687209,0.0,,,,16.876996713747776,19.62738156441101,8.463440221068286,,,,,,
severe_miss_or_undersegmentation,kin_v2_kinetic_cc,34,0.23413005408042742,0.35003307942227263,0.0,,,,0.27865731727364546,0.3898409285819465,0.0,0.22457285164419277,0.35235521057453173,0.0,,,,16.876996713747776,19.62738156441101,8.463440221068286,,,,,,
severe_miss_or_undersegmentation,kin_delta_v2_lcc_minus_raw,34,-0.30531682446785213,0.14019308718576873,-0.3032542627112615,,,,,,,,,,,,,16.876996713747776,19.62738156441101,8.463440221068286,,,,,,
severe_miss_or_undersegmentation,kin_delta_kineticcc_minus_lcc,34,0.22781696695059955,0.35626391441708993,0.0,,,,,,,,,,,,,16.876996713747776,19.62738156441101,8.463440221068286,,,,,,
severe_miss_or_undersegmentation,v1_raw_error_1_minus,34,0.6848988993271476,0.1240857390402171,0.6910814350381743,,,,,,,,,,,,,16.876996713747776,19.62738156441101,8.463440221068286,,,,,,
severe_miss_or_undersegmentation,v1_lcc_error_1_minus,34,0.9731852306862102,0.12401228054723903,1.0,,,,,,,,,,,,,16.876996713747776,19.62738156441101,8.463440221068286,,,,,,
severe_miss_or_undersegmentation,v1_small50_error_1_minus,34,0.6802367258126703,0.12842952734356433,0.680299576857618,,,,,,,,,,,,,16.876996713747776,19.62738156441101,8.463440221068286,,,,,,
severe_miss_or_undersegmentation,v1_small100_error_1_minus,34,0.6788225265324603,0.1294626082064111,0.676594637815217,,,,,,,,,,,,,16.876996713747776,19.62738156441101,8.463440221068286,,,,,,
severe_miss_or_undersegmentation,v2_raw_error_1_minus,34,0.6883700884023201,0.12994310309320195,0.6967457372887385,,,,,,,,,,,,,16.876996713747776,19.62738156441101,8.463440221068286,,,,,,
severe_miss_or_undersegmentation,v2_lcc_error_1_minus,34,0.9936869128701721,0.03681130736199327,1.0,,,,,,,,,,,,,16.876996713747776,19.62738156441101,8.463440221068286,,,,,,
severe_miss_or_undersegmentation,v2_small50_error_1_minus,34,0.6838986231467331,0.13421414603450502,0.6929004022297565,,,,,,,,,,,,,16.876996713747776,19.62738156441101,8.463440221068286,,,,,,
severe_miss_or_undersegmentation,v2_small100_error_1_minus,34,0.6822002920214205,0.13581393408027992,0.6908790880453719,,,,,,,,,,,,,16.876996713747776,19.62738156441101,8.463440221068286,,,,,,
small_lesion_failure,v1_raw,49,0.2752235862203415,0.18942234591724502,0.256081261694734,0.17418927982079824,0.1367248913637909,0.1468424279583078,0.1968017207281125,0.16630921370502424,0.1476799753352859,0.7238290964938633,0.26325668188730883,0.8089674771076729,19.17327054231943,33.3370459158391,8.357080078125,2.115738185865115,1.067917436438886,2.13105115422299,11.008219990044836,22.360489023525865,5.100957592339261,0.6007627610021462,0.17768740880297848,0.5891805743078657
small_lesion_failure,v1_lcc,49,0.19326601023871404,0.28568060714554794,0.0,0.13956321689305826,0.21084063438211056,0.0,0.17538730717838105,0.27094777763808875,0.0,0.2678147476813627,0.3717509166337024,0.0,10.568330911347136,17.267688281578838,4.721149296464131,2.115738185865115,1.067917436438886,2.13105115422299,5.9358071339463425,11.341220197943414,2.3564447159438,,,
small_lesion_failure,v2_raw,49,0.2840892716465988,0.19688950653775752,0.2272485364555614,0.18175041421328042,0.144882685325338,0.128189732812969,0.20554671761302634,0.173873751520583,0.1334302077100607,0.7137201924841368,0.2615579900492034,0.8034835289663006,16.506436771844832,24.227611655545054,7.358397998905275,2.115738185865115,1.067917436438886,2.13105115422299,9.153222652894137,15.692834680612323,4.663885088919289,0.5956693636400334,0.17813015220073924,0.5589319958695973
small_lesion_failure,v2_lcc,49,0.18946579923720663,0.2926094681920221,0.0,0.13894882783898163,0.21700566551301065,0.0,0.17620354292663432,0.27810450753450333,0.0,0.22345544390049973,0.3557172269990099,0.0,9.099401246999681,12.570470564595292,4.769783020019531,2.115738185865115,1.067917436438886,2.13105115422299,4.951518810718169,7.822577288226637,2.1263858093126387,,,
small_lesion_failure,v1_small50,49,0.2871571804287667,0.19569240200744167,0.2570087189805499,0.18355091438685034,0.14297480266289667,0.1474526704632907,0.2106805609954416,0.1787407608785868,0.148297213622291,0.7217698511933452,0.263966625227237,0.8089674771076729,18.307466631330566,32.64345033759661,7.745103626095129,2.115738185865115,1.067917436438886,2.13105115422299,10.483084793081257,21.890426429624526,4.858823529411765,,,
small_lesion_failure,v1_small100,49,0.29083462289870143,0.19799718501376315,0.2585346107138038,0.18658925914427107,0.14572970825267836,0.1484580815124748,0.2150742595907726,0.1833400063384925,0.1493142144638404,0.7213605064701595,0.2637629056080063,0.8089674771076729,18.056581054437853,32.43076155820881,7.695915565585831,2.115738185865115,1.067917436438886,2.13105115422299,10.32427461141426,21.7366176451986,4.741176470588236,,,
small_lesion_failure,v2_small50,49,0.29637228529103893,0.2027340527172204,0.2338496026085184,0.19148169158535838,0.15120486403860184,0.1324063924306236,0.21993894030901429,0.18612752122741957,0.1384811742182514,0.7117344816588258,0.26195329934204414,0.8034835289663006,15.69901449363878,23.50913921154149,6.827464071020038,2.115738185865115,1.067917436438886,2.13105115422299,8.662303090274772,15.213250935173692,4.4268125854993166,,,
small_lesion_failure,v2_small100,49,0.3006583883318388,0.20518522087633564,0.2390064828555807,0.19503627650784652,0.15411593685889793,0.1357225228421893,0.22496601736196203,0.1907873340253655,0.1414295024983706,0.7112876120754202,0.2617162069734994,0.8034835289663006,15.450596372738378,23.333212911190017,6.729087950001442,2.115738185865115,1.067917436438886,2.13105115422299,8.51542408898075,15.099444198328664,4.253214774281806,,,
small_lesion_failure,kin_v1_raw,49,0.2752235862203415,0.18942234591724502,0.256081261694734,,,,0.1968017207281125,0.16630921370502424,0.1476799753352859,0.7238290964938633,0.26325668188730883,0.8089674771076729,,,,2.115738185865115,1.067917436438886,2.13105115422299,,,,,,
small_lesion_failure,kin_v1_lcc,49,0.19326601023871404,0.28568060714554794,0.0,,,,0.17538730717838105,0.27094777763808875,0.0,0.2678147476813627,0.3717509166337024,0.0,,,,2.115738185865115,1.067917436438886,2.13105115422299,,,,,,
small_lesion_failure,kin_v2_raw,49,0.2840892716465988,0.19688950653775752,0.2272485364555614,,,,0.20554671761302634,0.173873751520583,0.1334302077100607,0.7137201924841368,0.2615579900492034,0.8034835289663006,,,,2.115738185865115,1.067917436438886,2.13105115422299,,,,,,
small_lesion_failure,kin_v2_lcc,49,0.18946579923720663,0.2926094681920221,0.0,,,,0.17620354292663432,0.27810450753450333,0.0,0.22345544390049973,0.3557172269990099,0.0,,,,2.115738185865115,1.067917436438886,2.13105115422299,,,,,,
small_lesion_failure,kin_v2_kinetic_cc,49,0.165109002713935,0.2845176386525365,0.0,,,,0.14455064177654076,0.25495713034679235,0.0,0.21199117266999787,0.36580396189161457,0.0,,,,2.115738185865115,1.067917436438886,2.13105115422299,,,,,,
small_lesion_failure,kin_delta_v2_lcc_minus_raw,49,-0.09462347240939223,0.17478581667363902,-0.098148668064937,,,,,,,,,,,,,2.115738185865115,1.067917436438886,2.13105115422299,,,,,,
small_lesion_failure,kin_delta_kineticcc_minus_lcc,49,-0.024356796523271603,0.3168508984090902,0.0,,,,,,,,,,,,,2.115738185865115,1.067917436438886,2.13105115422299,,,,,,
small_lesion_failure,v1_raw_error_1_minus,49,0.7247764137796584,0.18942234591724502,0.7439187383052659,,,,,,,,,,,,,2.115738185865115,1.067917436438886,2.13105115422299,,,,,,
small_lesion_failure,v1_lcc_error_1_minus,49,0.806733989761286,0.28568060714554794,1.0,,,,,,,,,,,,,2.115738185865115,1.067917436438886,2.13105115422299,,,,,,
small_lesion_failure,v1_small50_error_1_minus,49,0.7128428195712332,0.1956924020074417,0.7429912810194501,,,,,,,,,,,,,2.115738185865115,1.067917436438886,2.13105115422299,,,,,,
small_lesion_failure,v1_small100_error_1_minus,49,0.7091653771012986,0.19799718501376318,0.7414653892861962,,,,,,,,,,,,,2.115738185865115,1.067917436438886,2.13105115422299,,,,,,
small_lesion_failure,v2_raw_error_1_minus,49,0.715910728353401,0.19688950653775752,0.7727514635444386,,,,,,,,,,,,,2.115738185865115,1.067917436438886,2.13105115422299,,,,,,
small_lesion_failure,v2_lcc_error_1_minus,49,0.8105342007627934,0.2926094681920221,1.0,,,,,,,,,,,,,2.115738185865115,1.067917436438886,2.13105115422299,,,,,,
small_lesion_failure,v2_small50_error_1_minus,49,0.703627714708961,0.20273405271722036,0.7661503973914816,,,,,,,,,,,,,2.115738185865115,1.067917436438886,2.13105115422299,,,,,,
small_lesion_failure,v2_small100_error_1_minus,49,0.6993416116681611,0.20518522087633567,0.7609935171444193,,,,,,,,,,,,,2.115738185865115,1.067917436438886,2.13105115422299,,,,,,
undersegmentation,v1_raw,12,0.548478817516445,0.10243345561457587,0.5177525009619548,0.3846496879467116,0.10522122455084795,0.3493514446675583,0.6765071440627112,0.1290495943694336,0.6496793812867567,0.4643395153723622,0.09330878971082238,0.44154335566425557,54.887846525003816,82.25822369471828,18.75234440119934,82.64480612276397,133.84804388483408,25.10053555181887,0.6920248916142949,0.10154036309517175,0.6700873481201519,0.8499475026841722,0.09771727842325958,0.856800224032557
undersegmentation,v1_lcc,12,0.5503301329709881,0.07650937018332013,0.563073133974356,0.3831175539650397,0.07231726698435696,0.39188718089886776,0.7557657996158585,0.13449863059052322,0.7518188651735286,0.43429334139995257,0.05444474095554321,0.4377625257759684,48.429046929911955,76.84101496980122,15.877243450733955,82.64480612276397,133.84804388483408,25.10053555181887,0.5825444059236913,0.06648669078472405,0.5697386901506352,,,
undersegmentation,v2_raw,12,0.5538266752277444,0.10187250193669767,0.5287760881767658,0.3896946066108054,0.10465173872927365,0.35941505791880984,0.6906501199371432,0.11796680581861822,0.6497136331636644,0.464059716089863,0.09448330253069077,0.44161729540765576,53.526312882370576,81.65299636461286,17.754278365459044,82.64480612276397,133.84804388483408,25.10053555181887,0.671853812733839,0.07063825229951615,0.6700620291005044,0.8599239302327,0.0936671126411463,0.8588634021846739
undersegmentation,v2_lcc,12,0.5510436994645639,0.07572111248662017,0.5671370061154652,0.38371661236987636,0.07134474101685502,0.39582836317428693,0.7621434998718275,0.13131952620761536,0.7621966956036459,0.4328736867529403,0.05519621584627283,0.4374490310330341,48.21280282437402,76.91567133523816,15.112025009731772,82.64480612276397,133.84804388483408,25.10053555181887,0.5742624216201014,0.05900391427789881,0.5618048616563744,,,
undersegmentation,v1_small50,12,0.5485818948505143,0.09995696564521367,0.5221434982594082,0.384359245728368,0.10162139237718014,0.35335976756722215,0.6936692560555264,0.13116496856197793,0.6753504275732397,0.45712189040721585,0.09004245551108943,0.4377625257759684,52.88072758290401,79.80092876814868,18.239633652461333,82.64480612276397,133.84804388483408,25.10053555181887,0.6656513557863949,0.1053989136425327,0.6306879505815486,,,
undersegmentation,v1_small100,12,0.5480614178767129,0.09659183256453731,0.5246942312507685,0.3833758516538557,0.09711936501771627,0.3556846583882462,0.6976076752479988,0.13095803864233596,0.6791722381730996,0.4547098496781719,0.08582468814146842,0.4377625257759684,52.56062632898867,79.55572640112594,18.16365382539306,82.64480612276397,133.84804388483408,25.10053555181887,0.6591218827271109,0.10507334617456614,0.6230455099242425,,,
undersegmentation,v2_small50,12,0.5538854824630904,0.09926923610408345,0.532182226351662,0.3893461249757721,0.10090918593821512,0.36256784595188996,0.7088288390317299,0.11867718590758551,0.6753766292712042,0.4564528231740346,0.09087237896646835,0.4374490310330341,51.48102872360928,79.15916983003338,17.181036739139444,82.64480612276397,133.84804388483408,25.10053555181887,0.6444806145077848,0.07224217483589113,0.630662631561901,,,
undersegmentation,v2_small100,12,0.5530856993588175,0.0959001410052519,0.5347138026486358,0.38809315458183713,0.09641278575036025,0.36492560370907173,0.7123205309794255,0.11859456438716676,0.6791987028004938,0.4538820485068813,0.08639801271695266,0.4374490310330341,51.160310486689035,78.90988495566494,17.044526164902106,82.64480612276397,133.84804388483408,25.10053555181887,0.6383832562245648,0.07098323627476649,0.6230201909045949,,,
undersegmentation,kin_v1_raw,12,0.548478817516445,0.10243345561457587,0.5177525009619548,,,,0.6765071440627112,0.1290495943694336,0.6496793812867567,0.4643395153723622,0.09330878971082238,0.44154335566425557,,,,82.64480612276397,133.84804388483408,25.10053555181887,,,,,,
undersegmentation,kin_v1_lcc,12,0.5503301329709881,0.07650937018332013,0.563073133974356,,,,0.7557657996158585,0.13449863059052322,0.7518188651735286,0.43429334139995257,0.05444474095554321,0.4377625257759684,,,,82.64480612276397,133.84804388483408,25.10053555181887,,,,,,
undersegmentation,kin_v2_raw,12,0.5538266752277444,0.10187250193669767,0.5287760881767658,,,,0.6906501199371432,0.11796680581861822,0.6497136331636644,0.464059716089863,0.09448330253069077,0.44161729540765576,,,,82.64480612276397,133.84804388483408,25.10053555181887,,,,,,
undersegmentation,kin_v2_lcc,12,0.5510436994645639,0.07572111248662017,0.5671370061154652,,,,0.7621434998718275,0.13131952620761536,0.7621966956036459,0.4328736867529403,0.05519621584627283,0.4374490310330341,,,,82.64480612276397,133.84804388483408,25.10053555181887,,,,,,
undersegmentation,kin_v2_kinetic_cc,12,0.3074045489108032,0.27438267582976306,0.4365996421480377,,,,0.5311560093672875,0.34077952734101613,0.6787172819305469,0.24113394064184981,0.21482595518557585,0.3525570150487892,,,,82.64480612276397,133.84804388483408,25.10053555181887,,,,,,
undersegmentation,kin_delta_v2_lcc_minus_raw,12,-0.0027829757631805,0.04341946226043704,0.00444437524354115,,,,,,,,,,,,,82.64480612276397,133.84804388483408,25.10053555181887,,,,,,
undersegmentation,kin_delta_kineticcc_minus_lcc,12,-0.24363915055376065,0.304136681499828,0.0,,,,,,,,,,,,,82.64480612276397,133.84804388483408,25.10053555181887,,,,,,
undersegmentation,v1_raw_error_1_minus,12,0.451521182483555,0.10243345561457588,0.4822474990380452,,,,,,,,,,,,,82.64480612276397,133.84804388483408,25.10053555181887,,,,,,
undersegmentation,v1_lcc_error_1_minus,12,0.44966986702901196,0.07650937018332012,0.4369268660256439,,,,,,,,,,,,,82.64480612276397,133.84804388483408,25.10053555181887,,,,,,
undersegmentation,v1_small50_error_1_minus,12,0.4514181051494858,0.09995696564521368,0.4778565017405917,,,,,,,,,,,,,82.64480612276397,133.84804388483408,25.10053555181887,,,,,,
undersegmentation,v1_small100_error_1_minus,12,0.4519385821232871,0.09659183256453731,0.47530576874923147,,,,,,,,,,,,,82.64480612276397,133.84804388483408,25.10053555181887,,,,,,
undersegmentation,v2_raw_error_1_minus,12,0.44617332477225563,0.10187250193669767,0.47122391182323425,,,,,,,,,,,,,82.64480612276397,133.84804388483408,25.10053555181887,,,,,,
undersegmentation,v2_lcc_error_1_minus,12,0.44895630053543617,0.07572111248662015,0.43286299388453464,,,,,,,,,,,,,82.64480612276397,133.84804388483408,25.10053555181887,,,,,,
undersegmentation,v2_small50_error_1_minus,12,0.4461145175369095,0.09926923610408346,0.4678177736483379,,,,,,,,,,,,,82.64480612276397,133.84804388483408,25.10053555181887,,,,,,
undersegmentation,v2_small100_error_1_minus,12,0.4469143006411825,0.0959001410052519,0.46528619735136423,,,,,,,,,,,,,82.64480612276397,133.84804388483408,25.10053555181887,,,,,,
volume_inflation_oversegmentation,v1_raw,60,0.3237785785207085,0.16506316925051895,0.35636739859781863,0.20435835884213907,0.11617407703312331,0.2168189490674084,0.21046733105444934,0.12007442279443507,0.2208355237755712,0.890740925177343,0.07926392313513064,0.9079763902228541,51.130958671047345,61.44514934877215,30.577139521359044,8.966234249466037,9.008324017214063,4.860790873384758,11.529531551340447,21.33709601397148,3.995672109820436,0.8209222448292183,0.14169766524250618,0.8433342246947391
volume_inflation_oversegmentation,v1_lcc,60,0.37395133714586315,0.17631402464559445,0.39659933863210506,0.2436482448707524,0.12890120377504424,0.2473853153126621,0.2525134033730514,0.13414236188909234,0.258227879446914,0.8902570513216118,0.07977113169582467,0.9070946290963098,40.915369019006064,42.63489661112259,24.78320021455389,8.966234249466037,9.008324017214063,4.860790873384758,8.710352378613777,15.08699649288214,3.1143973574704047,,,
volume_inflation_oversegmentation,v2_raw,60,0.32937851103614263,0.16578724167957593,0.3608120510110368,0.20853052383812182,0.11705840769875486,0.22011881748328035,0.21495040859534562,0.12105277672963462,0.2238994843811977,0.8888347117503133,0.07956484257057576,0.9066203150938118,50.21587808258797,59.9398466073687,29.296905032120883,8.966234249466037,9.008324017214063,4.860790873384758,11.109538184427203,20.28096023703906,3.8517200293290967,0.8152507110701944,0.1513730322294157,0.8530817407035749
volume_inflation_oversegmentation,v2_lcc,60,0.382665636096771,0.17518212768547317,0.419896894680983,0.25020061391903087,0.1283520381763295,0.2657573241460991,0.2595867537187762,0.13358989552351322,0.27448224563439605,0.8883168661857614,0.08006969859367695,0.9051623470214671,40.27057050090268,42.10111325243846,24.78342072895313,8.966234249466037,9.008324017214063,4.860790873384758,8.39132515381569,14.65130585255131,3.0863280106354853,,,
volume_inflation_oversegmentation,v1_small50,60,0.3326634364817361,0.1683921483351133,0.3656007800319815,0.21132674306459426,0.11946534097807322,0.22369773484211006,0.2178763536581991,0.12358351250784594,0.23023694936368638,0.8904821014163549,0.07947713934651517,0.9072935444168192,49.733661794066045,60.326859441100794,29.6801543638806,8.966234249466037,9.008324017214063,4.860790873384758,11.201089688892322,21.019494863536085,3.8420320914439996,,,
volume_inflation_oversegmentation,v1_small100,60,0.33547584733756414,0.1699518642423263,0.3668788975870074,0.2136453927207785,0.1211188407112107,0.2246575091278763,0.22035113460588113,0.1253167226291612,0.23172096768505318,0.8903310856801835,0.07971874740716721,0.9070946290963098,49.39951057316194,60.0883124532487,29.12409404156579,8.966234249466037,9.008324017214063,4.860790873384758,11.130673413395652,20.97762190352355,3.79427098394176,,,
volume_inflation_oversegmentation,v2_small50,60,0.3387142175320405,0.16917126396117102,0.37069390777376,0.21589039466157262,0.12043853792037328,0.22751724485292607,0.2228003821641722,0.12469004696879528,0.23285865894218166,0.8885346981485571,0.07978008650993176,0.9059374692877769,48.82237535453753,58.78615799163601,28.239275534063836,8.966234249466037,9.008324017214063,4.860790873384758,10.782741712562148,19.95955303787693,3.6542132230925892,,,
volume_inflation_oversegmentation,v2_small100,60,0.3416402066345445,0.17063382605133717,0.37397603052579076,0.21829621957375198,0.1220226248863983,0.2299977456199082,0.22536162503380977,0.12632985153552537,0.2354621854458097,0.8883836824123857,0.08001704235233474,0.9051623470214671,48.48405272659609,58.53727126229718,28.227245248264808,8.966234249466037,9.008324017214063,4.860790873384758,10.709990362010439,19.91469282738416,3.5853769644954765,,,
volume_inflation_oversegmentation,kin_v1_raw,60,0.3237785785207085,0.16506316925051895,0.35636739859781863,,,,0.21046733105444934,0.12007442279443507,0.2208355237755712,0.890740925177343,0.07926392313513064,0.9079763902228541,,,,8.966234249466037,9.008324017214063,4.860790873384758,,,,,,
volume_inflation_oversegmentation,kin_v1_lcc,60,0.37395133714586315,0.17631402464559445,0.39659933863210506,,,,0.2525134033730514,0.13414236188909234,0.258227879446914,0.8902570513216118,0.07977113169582467,0.9070946290963098,,,,8.966234249466037,9.008324017214063,4.860790873384758,,,,,,
volume_inflation_oversegmentation,kin_v2_raw,60,0.32937851103614263,0.16578724167957593,0.3608120510110368,,,,0.21495040859534562,0.12105277672963462,0.2238994843811977,0.8888347117503133,0.07956484257057576,0.9066203150938118,,,,8.966234249466037,9.008324017214063,4.860790873384758,,,,,,
volume_inflation_oversegmentation,kin_v2_lcc,60,0.382665636096771,0.17518212768547317,0.419896894680983,,,,0.2595867537187762,0.13358989552351322,0.27448224563439605,0.8883168661857614,0.08006969859367695,0.9051623470214671,,,,8.966234249466037,9.008324017214063,4.860790873384758,,,,,,
volume_inflation_oversegmentation,kin_v2_kinetic_cc,60,0.13322147766111897,0.22786702879547707,0.0,,,,0.10772851046470686,0.19007268460264654,0.0,0.25999515836102444,0.4182128224536103,0.0,,,,8.966234249466037,9.008324017214063,4.860790873384758,,,,,,
volume_inflation_oversegmentation,kin_delta_v2_lcc_minus_raw,60,0.05328712506062825,0.05020837075077058,0.03998531733981905,,,,,,,,,,,,,8.966234249466037,9.008324017214063,4.860790873384758,,,,,,
volume_inflation_oversegmentation,kin_delta_kineticcc_minus_lcc,60,-0.249444158435652,0.21510791314068753,-0.3058612400761055,,,,,,,,,,,,,8.966234249466037,9.008324017214063,4.860790873384758,,,,,,
volume_inflation_oversegmentation,v1_raw_error_1_minus,60,0.6762214214792915,0.16506316925051895,0.6436326014021814,,,,,,,,,,,,,8.966234249466037,9.008324017214063,4.860790873384758,,,,,,
volume_inflation_oversegmentation,v1_lcc_error_1_minus,60,0.6260486628541369,0.17631402464559445,0.6034006613678948,,,,,,,,,,,,,8.966234249466037,9.008324017214063,4.860790873384758,,,,,,
volume_inflation_oversegmentation,v1_small50_error_1_minus,60,0.6673365635182639,0.1683921483351133,0.6343992199680184,,,,,,,,,,,,,8.966234249466037,9.008324017214063,4.860790873384758,,,,,,
volume_inflation_oversegmentation,v1_small100_error_1_minus,60,0.6645241526624358,0.16995186424232628,0.6331211024129925,,,,,,,,,,,,,8.966234249466037,9.008324017214063,4.860790873384758,,,,,,
volume_inflation_oversegmentation,v2_raw_error_1_minus,60,0.6706214889638571,0.1657872416795759,0.6391879489889631,,,,,,,,,,,,,8.966234249466037,9.008324017214063,4.860790873384758,,,,,,
volume_inflation_oversegmentation,v2_lcc_error_1_minus,60,0.6173343639032289,0.17518212768547314,0.580103105319017,,,,,,,,,,,,,8.966234249466037,9.008324017214063,4.860790873384758,,,,,,
volume_inflation_oversegmentation,v2_small50_error_1_minus,60,0.6612857824679595,0.16917126396117102,0.62930609222624,,,,,,,,,,,,,8.966234249466037,9.008324017214063,4.860790873384758,,,,,,
volume_inflation_oversegmentation,v2_small100_error_1_minus,60,0.6583597933654556,0.17063382605133717,0.6260239694742091,,,,,,,,,,,,,8.966234249466037,9.008324017214063,4.860790873384758,,,,,,
