feature_a,feature_b,spearman_rho,p_value,n,abs_rho,q_value_bh
gt_vol_cm3,log_gt_vol_cm3,1.0,0.0,526,1.0,0.0
kin_fg_max_enh,kin_fg_auc_enh_norm,0.9908219173846406,0.0,526,0.9908219173846406,0.0
v2_raw_n_components,v1_raw_n_components,0.9901322563818632,0.0,526,0.9901322563818632,0.0
v2_raw_pred_to_gt_vol_ratio,v1_raw_pred_to_gt_vol_ratio,0.9877124778526645,0.0,526,0.9877124778526645,0.0
v2_raw_pred_vol_cm3,v2_lcc_pred_vol_cm3,0.973217817913452,0.0,526,0.973217817913452,0.0
v2_raw_largest_component_fraction,v1_raw_largest_component_fraction,0.9658456391264958,1.69801324860793e-309,526,0.9658456391264958,1.1489889648913671e-307
kin_gt_max_enh,kin_gt_auc_enh_norm,0.9616853722968397,1.1732366040005032e-296,526,0.9616853722968397,6.804772303202918e-295
kin_ring_max_enh,kin_ring_auc_enh_norm,0.9585238201744576,8.110064174431977e-288,526,0.9585238201744576,4.1158575685242286e-286
kin_tumor_to_ring_max_enh_diff,kin_tumor_to_ring_auc_norm_diff,0.9497141537836772,2.0680542062810745e-266,526,0.9497141537836772,9.329222308334625e-265
v2_raw_pred_to_gt_vol_ratio,v2_lcc_pred_to_gt_vol_ratio,0.9290854013628019,1.6931755565338834e-228,526,0.9290854013628019,6.874292759527567e-227
v2_raw_largest_component_fraction,v2_raw_second_largest_component_fraction,-0.9256413528247065,2.649049841322408e-223,526,0.9256413528247065,9.777402141608161e-222
v2_lcc_pred_to_gt_vol_ratio,v1_raw_pred_to_gt_vol_ratio,0.9091840813352202,1.5988439250451557e-201,526,0.9091840813352202,5.409421946402777e-200
v2_raw_second_largest_component_fraction,v1_raw_largest_component_fraction,-0.8925079699486811,2.4871833114434785e-183,526,0.8925079699486811,7.767664803431171e-182
kin_gt_late_slope,kin_gt_washout_index,-0.8517325288472433,7.4646513911413705e-81,283,0.8517325288472433,1.0823744517154988e-79
kin_tumor_to_fg_max_enh_diff,kin_gt_max_enh,0.8241337776371435,1.8210836528757322e-131,526,0.8241337776371435,5.281142593339623e-130
early_dev_s,late_dev_s,0.8141107316149102,8.820833501465165e-126,526,0.8141107316149102,2.3875056010632382e-124
kin_fg_max_enh,kin_fg_auc_enh,0.7849305148282789,5.095089503664646e-111,526,0.7849305148282789,1.292878961554904e-109
kin_tumor_to_ring_auc_norm_diff,kin_gt_max_enh,0.7756373227568962,8.545582914899631e-107,526,0.7756373227568962,2.040886272617206e-105
kin_fg_auc_enh,kin_fg_auc_enh_norm,0.7735265154755635,7.2956183694478475e-106,526,0.7735265154755635,1.6455672544421254e-104
kin_tumor_to_ring_auc_norm_diff,kin_tumor_to_fg_max_enh_diff,0.7584859313527939,1.6550890994692595e-99,526,0.7584859313527939,3.5366640757079966e-98
kin_tumor_to_fg_max_enh_diff,kin_gt_auc_enh_norm,0.7538553319033979,1.2089675941727959e-97,526,0.7538553319033979,2.4542042161707757e-96
log_gt_vol_cm3,v2_lcc_pred_vol_cm3,0.7497954714776431,4.81378563419584e-96,526,0.7497954714776431,8.883622579470504e-95
gt_vol_cm3,v2_lcc_pred_vol_cm3,0.7497954714776431,4.81378563419584e-96,526,0.7497954714776431,8.883622579470504e-95
kin_tumor_to_ring_auc_norm_diff,kin_gt_auc_enh_norm,0.74831325686168,1.815475463603842e-95,526,0.74831325686168,3.2047088618398254e-94
kin_tumor_to_ring_max_enh_diff,kin_tumor_to_fg_max_enh_diff,0.7373232722501487,2.57575429639474e-91,526,0.7373232722501487,4.357317684734435e-90
v2_raw_pred_vol_cm3,v2_raw_n_components,0.7266916038092324,1.7113272080225867e-87,526,0.7266916038092324,2.779195385828681e-86
log_gt_vol_cm3,v2_raw_pred_vol_cm3,0.7078715779210003,3.7574982375472625e-81,526,0.7078715779210003,5.650164016459958e-80
gt_vol_cm3,v2_raw_pred_vol_cm3,0.7078715779210003,3.7574982375472625e-81,526,0.7078715779210003,5.650164016459958e-80
v2_raw_pred_vol_cm3,v1_raw_n_components,0.701419766125209,4.303710755066904e-79,526,0.701419766125209,6.025195057093666e-78
kin_ring_auc_enh,kin_ring_auc_enh_norm,0.7001354144012566,1.0892008102346012e-78,526,0.7001354144012566,1.4740517631841604e-77
kin_gt_auc_enh,kin_ring_auc_enh,0.697544544617798,6.98344858195399e-78,526,0.697544544617798,9.146064917010709e-77
n_phases,kin_fg_auc_enh_norm,0.6851440950953303,3.886556831993047e-74,526,0.6851440950953303,4.931068980591178e-73
kin_tumor_to_ring_max_enh_diff,kin_gt_max_enh,0.676199903731884,1.5029590465045552e-71,526,0.676199903731884,1.8490950693359074e-70
kin_ring_max_enh,kin_ring_auc_enh,0.6760984820765054,1.6060583252016364e-71,526,0.6760984820765054,1.9178225883290128e-70
n_phases,kin_fg_max_enh,0.6506226954193441,1.2432426837453993e-64,526,0.6506226954193441,1.4421615131446634e-63
late_dev_s,n_phases,-0.6407733735002681,3.8323995342232968e-62,526,0.6407733735002681,4.32209503026294e-61
v2_lcc_pred_vol_cm3,v2_raw_n_components,0.633564216652326,2.229385064112643e-60,526,0.633564216652326,2.4462982054857648e-59
kin_gt_auc_enh,kin_gt_auc_enh_norm,0.6265070031446898,1.0738252078844285e-58,526,0.6265070031446898,1.1472974589502052e-57
kin_gt_auc_enh_norm,kin_ring_auc_enh_norm,0.6137489010077232,9.238701978081035e-56,526,0.6137489010077232,9.617725648976668e-55
kin_gt_max_enh,kin_gt_auc_enh,0.6131336920883894,1.26982816572117e-55,526,0.6131336920883894,1.2888755882069875e-54
v2_lcc_pred_vol_cm3,v1_raw_n_components,0.6094248832982613,8.513040933611268e-55,526,0.6094248832982613,8.429986875722378e-54
kin_ring_max_enh,kin_fg_max_enh,0.6043109975500074,1.1264935843367466e-53,526,0.6043109975500074,1.0889437981921885e-52
kin_ring_auc_enh,kin_fg_auc_enh,0.6017916176650961,3.9525682240055504e-53,526,0.6017916176650961,3.731959764991287e-52
kin_tumor_to_ring_max_enh_diff,kin_gt_auc_enh_norm,0.6000611828197489,9.300687379721063e-53,526,0.6000611828197489,8.581997900378982e-52
kin_ring_auc_enh_norm,kin_fg_auc_enh_norm,0.593749210220087,2.018744589856008e-51,526,0.593749210220087,1.8213562299589763e-50
kin_ring_max_enh,kin_fg_auc_enh_norm,0.5901834556955371,1.1147279409147385e-50,526,0.5901834556955371,9.83868573937791e-50
kin_tumor_to_fg_max_enh_diff,kin_gt_auc_enh,0.5887363418322069,2.21671885417029e-50,526,0.5887363418322069,1.914867776155612e-49
kin_ring_auc_enh_norm,kin_fg_max_enh,0.5857997313975265,8.849839026600408e-50,526,0.5857997313975265,7.440699292602319e-49
kin_gt_auc_enh_norm,kin_ring_max_enh,0.5857685627912395,8.98015431865797e-50,526,0.5857685627912395,7.440699292602319e-49
late_dev_s,kin_fg_auc_enh_norm,-0.5607475596430512,6.851598788889462e-45,526,0.5607475596430512,5.563498216578243e-44
kin_gt_max_enh,kin_ring_max_enh,0.5418620562416061,1.7995396848298562e-41,526,0.5418620562416061,1.4325747294920032e-40
early_dev_s,n_phases,-0.5351023586643117,2.6742550217112715e-40,526,0.5351023586643117,2.0879760361822618e-39
late_dev_s,kin_fg_max_enh,-0.5283009685474105,3.8021859254847904e-39,526,0.5283009685474105,2.9126178976355185e-38
kin_gt_max_enh,kin_ring_auc_enh_norm,0.5274830216644489,5.210996334328511e-39,526,0.5274830216644489,3.917897243958103e-38
early_dev_s,kin_fg_auc_enh_norm,-0.5178048368472422,2.0353387016031787e-37,526,0.5178048368472422,1.5024500233652555e-36
n_phases,kin_fg_auc_enh,0.5149918687400515,5.777645128921854e-37,526,0.5149918687400515,4.188792718468344e-36
kin_tumor_to_ring_auc_norm_diff,kin_gt_auc_enh,0.5142869099068549,7.492813586808388e-37,526,0.5142869099068549,5.336986519726676e-36
kin_ring_max_enh,kin_fg_auc_enh,0.49636149811328917,4.5551914912271024e-34,526,0.49636149811328917,3.1886340438589715e-33
log_gt_vol_cm3,v1_raw_pred_to_gt_vol_ratio,-0.49378373893406247,1.110316949164064e-33,526,0.49378373893406247,7.513144689343499e-33
gt_vol_cm3,v1_raw_pred_to_gt_vol_ratio,-0.49378373893406247,1.110316949164064e-33,526,0.49378373893406247,7.513144689343499e-33
kin_ring_auc_enh_norm,kin_fg_auc_enh,0.4855534128283964,1.8158370136914094e-32,526,0.4855534128283964,1.2085734878011676e-31
log_gt_vol_cm3,v2_raw_pred_to_gt_vol_ratio,-0.47718612625965384,2.8813203230608804e-31,526,0.47718612625965384,1.8568508748614563e-30
gt_vol_cm3,v2_raw_pred_to_gt_vol_ratio,-0.47718612625965384,2.8813203230608804e-31,526,0.47718612625965384,1.8568508748614563e-30
kin_gt_max_enh,kin_gt_late_slope,-0.4643905837853979,1.5236118166963163e-16,283,0.4643905837853979,6.950408961558478e-16
v2_raw_second_largest_component_fraction,v1_raw_pred_to_gt_vol_ratio,0.45593861928433826,2.3083540994302487e-28,526,0.45593861928433826,1.464362131826064e-27
early_dev_s,kin_fg_max_enh,-0.45397869135904606,4.178565041900273e-28,526,0.45397869135904606,2.6099960107869394e-27
v2_raw_pred_to_gt_vol_ratio,v2_raw_second_largest_component_fraction,0.4488304454616386,1.9502959572624265e-27,526,0.4488304454616386,1.1997275131038564e-26
v2_raw_largest_component_fraction,v1_raw_pred_to_gt_vol_ratio,-0.44653155460638816,3.8477271942744816e-27,526,0.44653155460638816,2.3316078222021486e-26
kin_gt_auc_enh_norm,kin_gt_washout_index,0.43903221724788505,3.4071351209941157e-26,526,0.43903221724788505,2.0342600869464866e-25
kin_gt_auc_enh_norm,kin_fg_auc_enh_norm,0.4370692439860772,5.976514676146104e-26,526,0.4370692439860772,3.5166158819062583e-25
v1_raw_pred_to_gt_vol_ratio,v1_raw_largest_component_fraction,-0.4367195454165967,6.603277199090609e-26,526,0.4367195454165967,3.8299007754725537e-25
v2_raw_pred_to_gt_vol_ratio,v2_raw_largest_component_fraction,-0.4315199952175154,2.8696842522144854e-25,526,0.4315199952175154,1.6409743752099735e-24
log_gt_vol_cm3,v2_raw_n_components,0.4303257194077376,4.007176580415928e-25,526,0.4303257194077376,2.2286488926696804e-24
gt_vol_cm3,v2_raw_n_components,0.4303257194077376,4.007176580415928e-25,526,0.4303257194077376,2.2286488926696804e-24
kin_gt_auc_enh,kin_fg_auc_enh,0.4286495974570375,6.388152681500744e-25,526,0.4286495974570375,3.5048513360666244e-24
kin_gt_auc_enh_norm,kin_fg_max_enh,0.4275679313795922,8.61945966478153e-25,526,0.4275679313795922,4.6660008318684015e-24
kin_tumor_to_ring_max_enh_diff,kin_gt_auc_enh,0.42486722936445515,1.8125132984342863e-24,526,0.42486722936445515,9.682636831109477e-24
gt_vol_cm3,v1_raw_n_components,0.416331315361172,1.8178712876089883e-23,526,0.416331315361172,9.462253112426272e-23
log_gt_vol_cm3,v1_raw_n_components,0.416331315361172,1.8178712876089883e-23,526,0.416331315361172,9.462253112426272e-23
v2_raw_pred_to_gt_vol_ratio,v1_raw_largest_component_fraction,-0.41342818594382436,3.923051313573907e-23,526,0.41342818594382436,2.016150421912666e-22
log_gt_vol_cm3,v2_lcc_pred_to_gt_vol_ratio,-0.40811154732959054,1.5740017920514934e-22,526,0.40811154732959054,7.889441081146991e-22
gt_vol_cm3,v2_lcc_pred_to_gt_vol_ratio,-0.40811154732959054,1.5740017920514934e-22,526,0.40811154732959054,7.889441081146991e-22
kin_gt_auc_enh_norm,kin_gt_late_slope,-0.40742144771493405,9.641787419222781e-13,283,0.40742144771493405,3.818352383941774e-12
kin_tumor_to_fg_max_enh_diff,kin_gt_late_slope,-0.3986415296530707,3.227313918860574e-12,283,0.3986415296530707,1.1911722282339938e-11
early_dev_s,kin_gt_auc_enh,0.39835462105230063,1.8901505944402426e-21,526,0.39835462105230063,9.358550504179739e-21
kin_gt_max_enh,kin_gt_washout_index,0.3818358752195921,1.057471785568869e-19,526,0.3818358752195921,5.172693312541696e-19
kin_gt_auc_enh,kin_gt_washout_index,0.3811819878496183,1.2343425718969942e-19,526,0.3811819878496183,5.965989097502138e-19
kin_tumor_to_ring_max_enh_diff,kin_gt_late_slope,-0.37520105975299956,6.854657580588668e-11,283,0.37520105975299956,2.3386478804361336e-10
kin_gt_max_enh,kin_fg_max_enh,0.3647810003432257,5.336561902259788e-18,526,0.3647810003432257,2.5489930968440868e-17
kin_gt_auc_enh,kin_ring_auc_enh_norm,0.3607449131989359,1.305123652174456e-17,526,0.3607449131989359,6.161397706777084e-17
kin_gt_max_enh,kin_fg_auc_enh_norm,0.3545102024619488,5.068133270411432e-17,526,0.3545102024619488,2.365128859525335e-16
kin_gt_auc_enh,kin_ring_max_enh,0.35214485156260467,8.413825039531708e-17,526,0.35214485156260467,3.881832915965765e-16
kin_tumor_to_ring_auc_norm_diff,kin_gt_late_slope,-0.35205178896853034,1.112557626613325e-09,283,0.35205178896853034,3.5288937219141404e-09
v2_raw_n_components,v2_raw_largest_component_fraction,-0.34264053978649683,6.180855957175565e-16,526,0.34264053978649683,2.7882527984591994e-15
late_dev_s,kin_gt_auc_enh,0.3395115928714905,1.1742204526068793e-15,526,0.3395115928714905,5.238829711630692e-15
v2_raw_largest_component_fraction,v1_raw_n_components,-0.33748332453105584,1.7730948465978229e-15,526,0.33748332453105584,7.82474464911648e-15
v1_raw_n_components,v1_raw_largest_component_fraction,-0.336447369379479,2.1859560577885425e-15,526,0.336447369379479,9.542990961958583e-15
kin_gt_auc_enh_norm,kin_ring_auc_enh,0.33442409712566495,3.282515129696667e-15,526,0.33442409712566495,1.4177671730391987e-14
kin_tumor_to_ring_auc_norm_diff,kin_gt_washout_index,0.32297393988789136,3.0983212066144176e-14,526,0.32297393988789136,1.324124641984688e-13
v2_raw_n_components,v1_raw_largest_component_fraction,-0.31940374764357327,6.120177212699867e-14,526,0.31940374764357327,2.588324946204319e-13
n_phases,kin_ring_auc_enh_norm,0.3175876242989869,8.622790040099119e-14,526,0.3175876242989869,3.6091265528662296e-13
v1_raw_n_components,kin_ring_max_enh,0.3112552340615553,2.7983374237475667e-13,526,0.3112552340615553,1.1593112184097062e-12
gt_vol_cm3,v1_raw_largest_component_fraction,0.31086730975966986,3.00486020160626e-13,526,0.31086730975966986,1.2199732418521417e-12
log_gt_vol_cm3,v1_raw_largest_component_fraction,0.31086730975966986,3.00486020160626e-13,526,0.31086730975966986,1.2199732418521417e-12
v1_raw_n_components,kin_ring_auc_enh_norm,0.30622161427184624,6.992737201643438e-13,526,0.30622161427184624,2.8109418850170647e-12
log_gt_vol_cm3,v2_raw_largest_component_fraction,0.30435282367577227,9.781001180540504e-13,526,0.30435282367577227,3.818352383941774e-12
gt_vol_cm3,v2_raw_largest_component_fraction,0.30435282367577227,9.781001180540504e-13,526,0.30435282367577227,3.818352383941774e-12
v2_raw_n_components,kin_ring_max_enh,0.30398566526521625,1.0444640314543254e-12,526,0.30398566526521625,4.038594254956725e-12
early_dev_s,kin_ring_auc_enh,0.3029431122916522,1.2578534969470255e-12,526,0.3029431122916522,4.817816224155589e-12
v2_raw_n_components,kin_ring_auc_enh_norm,0.3018538071087625,1.5263086399743997e-12,526,0.3018538071087625,5.79141409186548e-12
kin_tumor_to_fg_max_enh_diff,kin_gt_washout_index,0.30078067773510003,1.845284240712863e-12,526,0.30078067773510003,6.936901867865022e-12
late_dev_s,kin_gt_auc_enh_norm,-0.2985977445354329,2.708143824573049e-12,526,0.2985977445354329,1.008721461262989e-11
n_phases,kin_ring_max_enh,0.29699747713740887,3.580285550485015e-12,526,0.29699747713740887,1.3095458860332577e-11
early_dev_s,kin_ring_auc_enh_norm,-0.2916023072408009,9.060736383723041e-12,526,0.2916023072408009,3.284516939099603e-11
late_dev_s,kin_ring_auc_enh,0.29093459760519336,1.0150321319309092e-11,526,0.29093459760519336,3.646929606760612e-11
gt_vol_cm3,v2_raw_second_largest_component_fraction,-0.28786092040152256,1.7054264500483408e-11,526,0.28786092040152256,6.020896858431533e-11
log_gt_vol_cm3,v2_raw_second_largest_component_fraction,-0.28786092040152256,1.7054264500483408e-11,526,0.28786092040152256,6.020896858431533e-11
early_dev_s,kin_gt_auc_enh_norm,-0.28428076186823753,3.096610824408492e-11,526,0.28428076186823753,1.0838137885429722e-10
kin_gt_auc_enh_norm,kin_fg_auc_enh,0.2819441624313162,4.549644154228544e-11,526,0.2819441624313162,1.578765407364777e-10
v2_raw_n_components,v1_raw_pred_to_gt_vol_ratio,0.27952153334006424,6.754241973074953e-11,526,0.27952153334006424,2.3239171534478227e-10
v1_raw_pred_to_gt_vol_ratio,v1_raw_n_components,0.2762409229370863,1.1462895632775177e-10,526,0.2762409229370863,3.878279689088935e-10
kin_ring_auc_enh,kin_fg_max_enh,0.2736298954759139,1.7376216802588366e-10,526,0.2736298954759139,5.830366960207336e-10
kin_gt_washout_index,kin_ring_auc_enh_norm,0.27219054026879824,2.1813603193750515e-10,526,0.27219054026879824,7.259281062838286e-10
kin_gt_max_enh,kin_ring_auc_enh,0.27143473506169297,2.4567461838191684e-10,526,0.27143473506169297,8.109259761224247e-10
v2_raw_pred_to_gt_vol_ratio,v2_raw_n_components,0.2703364603210102,2.91812820060055e-10,526,0.2703364603210102,9.554516527772768e-10
n_phases,kin_gt_washout_index,0.26624915151777756,5.499432319577814e-10,526,0.26624915151777756,1.7862156173988739e-09
n_phases,kin_gt_auc_enh_norm,0.2639082357108413,7.867811864788711e-10,526,0.2639082357108413,2.5351838230985846e-09
late_dev_s,kin_ring_auc_enh_norm,-0.26239896849962985,9.893079178911262e-10,526,0.26239896849962985,3.1626694068015534e-09
late_dev_s,kin_ring_max_enh,-0.2607305107279055,1.2722493403393316e-09,526,0.2607305107279055,4.0041335827734e-09
v2_lcc_pred_vol_cm3,v1_raw_largest_component_fraction,0.25988042262899413,1.4452308284926664e-09,526,0.25988042262899413,4.513567048984789e-09
v1_raw_n_components,kin_fg_max_enh,0.2584938365830899,1.7775383172220138e-09,526,0.2584938365830899,5.509011883909447e-09
kin_ring_auc_enh,kin_fg_auc_enh_norm,0.25749206097255534,2.0626688433240427e-09,526,0.25749206097255534,6.3442693211330405e-09
v2_raw_pred_to_gt_vol_ratio,v1_raw_n_components,0.2568742058203826,2.260175797974013e-09,526,0.2568742058203826,6.8994840148680395e-09
late_dev_s,kin_gt_max_enh,-0.2531824781896063,3.883874817474876e-09,526,0.2531824781896063,1.1767561014140296e-08
v2_lcc_pred_vol_cm3,v2_raw_largest_component_fraction,0.24984066801910668,6.293910490753602e-09,526,0.24984066801910668,1.8928353031451573e-08
v2_lcc_pred_to_gt_vol_ratio,kin_tumor_to_fg_max_enh_diff,0.24976018519759186,6.366968282541406e-09,526,0.24976018519759186,1.9007272961116255e-08
v2_lcc_pred_to_gt_vol_ratio,kin_gt_auc_enh_norm,0.2492443365178771,6.855137160168217e-09,526,0.2492443365178771,2.0315223992907273e-08
kin_tumor_to_fg_max_enh_diff,kin_ring_max_enh,0.24713625030534722,9.255220072143136e-09,526,0.24713625030534722,2.7229125719493574e-08
v2_lcc_pred_to_gt_vol_ratio,kin_gt_max_enh,0.2426091339270898,1.747189654454961e-08,526,0.2426091339270898,5.1033021561777994e-08
kin_gt_washout_index,kin_ring_auc_enh,0.2425030635914965,1.773128274767229e-08,526,0.2425030635914965,5.1420719968249636e-08
v1_raw_n_components,kin_fg_auc_enh_norm,0.24211455570164148,1.871356539035071e-08,526,0.24211455570164148,5.388445069845666e-08
kin_tumor_to_ring_max_enh_diff,kin_gt_washout_index,0.24055894501308453,2.3201491263152075e-08,526,0.24055894501308453,6.633665811858973e-08
kin_tumor_to_fg_max_enh_diff,kin_ring_auc_enh_norm,0.23611006723307498,4.255798843060995e-08,526,0.23611006723307498,1.2082897414564783e-07
v2_raw_n_components,kin_fg_max_enh,0.23559646533957013,4.5610106839253085e-08,526,0.23559646533957013,1.2859516233844967e-07
v1_raw_n_components,kin_gt_max_enh,0.23471370397266036,5.1357003455530255e-08,526,0.23471370397266036,1.4379960967548473e-07
early_dev_s,kin_ring_max_enh,-0.23222403911564204,7.159033547174857e-08,526,0.23222403911564204,1.9907997398308165e-07
v2_raw_n_components,kin_gt_max_enh,0.22830395859292768,1.1986979782347154e-07,526,0.22830395859292768,3.310689654172071e-07
v1_raw_pred_to_gt_vol_ratio,kin_gt_auc_enh,0.2276853083929512,1.299189699820573e-07,526,0.2276853083929512,3.563993365724005e-07
v2_lcc_pred_to_gt_vol_ratio,kin_gt_auc_enh,0.2253252347179519,1.762546734205968e-07,526,0.2253252347179519,4.802644121393443e-07
v1_raw_n_components,kin_ring_auc_enh,0.22410096661752232,2.0620072033167505e-07,526,0.22410096661752232,5.581166163644005e-07
v1_raw_n_components,kin_fg_auc_enh,0.22398845332072395,2.0918661412863784e-07,526,0.22398845332072395,5.624487770611057e-07
v2_raw_n_components,v2_raw_second_largest_component_fraction,0.2233704806231857,2.2634398093730573e-07,526,0.2233704806231857,6.045766859246455e-07
v1_raw_pred_to_gt_vol_ratio,kin_gt_auc_enh_norm,0.2224802335996339,2.5346317747588575e-07,526,0.2224802335996339,6.725885624523505e-07
kin_gt_max_enh,kin_fg_auc_enh,0.22238507864816479,2.5654043446144294e-07,526,0.22238507864816479,6.763338726710768e-07
kin_tumor_to_ring_max_enh_diff,kin_ring_auc_enh,-0.22153231217667982,2.8577266268418834e-07,526,0.22153231217667982,7.485400067727772e-07
v2_raw_pred_to_gt_vol_ratio,kin_gt_auc_enh_norm,0.22072011436734637,3.165792378865332e-07,526,0.22072011436734637,8.239177601405929e-07
v2_raw_n_components,kin_fg_auc_enh_norm,0.22035723344242877,3.313544129162554e-07,526,0.22035723344242877,8.568782907261127e-07
v2_raw_pred_to_gt_vol_ratio,kin_gt_auc_enh,0.21821310297699356,4.331682516162876e-07,526,0.21821310297699356,1.1130779123810934e-06
v2_raw_pred_to_gt_vol_ratio,kin_gt_max_enh,0.214816714371263,6.585370898210399e-07,526,0.214816714371263,1.681547537530454e-06
v2_raw_second_largest_component_fraction,v1_raw_n_components,0.21423422251715538,7.071082988292419e-07,526,0.21423422251715538,1.7942873082792012e-06
v1_raw_n_components,kin_gt_auc_enh_norm,0.2132180984010347,8.001899487719292e-07,526,0.2132180984010347,2.01025102989537e-06
v2_raw_pred_vol_cm3,v2_lcc_pred_to_gt_vol_ratio,0.21319825562998412,8.021198690715515e-07,526,0.21319825562998412,2.01025102989537e-06
v1_raw_pred_to_gt_vol_ratio,kin_gt_max_enh,0.21268034553450965,8.541026830094088e-07,526,0.21268034553450965,2.1273968668823314e-06
v2_raw_pred_to_gt_vol_ratio,kin_tumor_to_fg_max_enh_diff,0.21200420116531832,9.268524720264676e-07,526,0.21200420116531832,2.2945250222118647e-06
v2_lcc_pred_to_gt_vol_ratio,v2_raw_n_components,0.21086253222744825,1.0633857763400862e-06,526,0.21086253222744825,2.6165734860246968e-06
v2_raw_pred_vol_cm3,kin_ring_auc_enh_norm,0.2104649832458434,1.115309175606161e-06,526,0.2104649832458434,2.7278043692536224e-06
v2_lcc_pred_vol_cm3,kin_ring_auc_enh_norm,0.20945332716530243,1.2586435174722925e-06,526,0.20945332716530243,3.059935737088328e-06
v2_raw_n_components,kin_gt_auc_enh_norm,0.2067373446413467,1.7361811688577923e-06,526,0.2067373446413467,4.195771158072998e-06
kin_gt_washout_index,kin_ring_max_enh,0.20648593285508182,1.7882668684151054e-06,526,0.20648593285508182,4.296073068500194e-06
v2_lcc_pred_to_gt_vol_ratio,kin_ring_max_enh,0.2043222941083707,2.3027938722344515e-06,526,0.2043222941083707,5.4996136007481605e-06
v2_raw_n_components,kin_ring_auc_enh,0.2034420513236612,2.550349796689262e-06,526,0.2034420513236612,6.055216476349943e-06
late_dev_s,kin_gt_late_slope,0.20343360039041572,0.0005748506669540022,283,0.20343360039041572,0.0011329581105986647
n_phases,v2_lcc_pred_vol_cm3,-0.1991738203210774,4.1580213988011066e-06,526,0.1991738203210774,9.814864464611915e-06
v2_lcc_pred_vol_cm3,kin_ring_max_enh,0.19795483227712918,4.771825347385053e-06,526,0.19795483227712918,1.1198619023342956e-05
v2_raw_pred_vol_cm3,kin_ring_max_enh,0.19733137361408443,5.118306954632575e-06,526,0.19733137361408443,1.194271622747601e-05
v2_lcc_pred_to_gt_vol_ratio,v1_raw_n_components,0.1965459696093045,5.5890591527599965e-06,526,0.1965459696093045,1.296661723440319e-05
v2_lcc_pred_to_gt_vol_ratio,v2_raw_second_largest_component_fraction,0.19240928997626278,8.832665735532595e-06,526,0.19240928997626278,2.0349590546755033e-05
n_phases,v2_raw_pred_vol_cm3,-0.1923690839932447,8.871619524077933e-06,526,0.1923690839932447,2.0349590546755033e-05
kin_tumor_to_fg_max_enh_diff,kin_fg_auc_enh,-0.19195874694781628,9.278650197900547e-06,526,0.19195874694781628,2.1163662810941698e-05
v2_lcc_pred_vol_cm3,v2_raw_second_largest_component_fraction,-0.19163333580634517,9.614025056176744e-06,526,0.19163333580634517,2.180611269725005e-05
v1_raw_pred_to_gt_vol_ratio,kin_tumor_to_fg_max_enh_diff,0.18963602612638333,1.1939467226439428e-05,526,0.18963602612638333,2.6930131632968934e-05
v2_raw_n_components,kin_fg_auc_enh,0.18628497990722376,1.708606235518296e-05,526,0.18628497990722376,3.8325642630962885e-05
n_phases,kin_gt_max_enh,0.1854279682528242,1.8707318053219784e-05,526,0.1854279682528242,4.1731709503336444e-05
early_dev_s,kin_gt_max_enh,-0.18071285976479762,3.057960416834928e-05,526,0.18071285976479762,6.784327482158366e-05
n_phases,kin_gt_late_slope,-0.17858849999956555,0.002567220461326187,283,0.17858849999956555,0.004737688669538327
kin_tumor_to_ring_max_enh_diff,kin_ring_max_enh,-0.17855863748663944,3.811998105979658e-05,526,0.17855863748663944,8.411256690368157e-05
v2_lcc_pred_vol_cm3,v2_lcc_pred_to_gt_vol_ratio,0.17789709160822573,4.0768419498602474e-05,526,0.17789709160822573,8.947015306179786e-05
kin_tumor_to_fg_max_enh_diff,kin_fg_auc_enh_norm,-0.1763044381250599,4.787646018085043e-05,526,0.1763044381250599,0.0001041715345479108
v2_raw_pred_vol_cm3,v2_raw_pred_to_gt_vol_ratio,0.17628283448789794,4.798048512428404e-05,526,0.17628283448789794,0.0001041715345479108
kin_gt_washout_index,kin_fg_auc_enh,0.17386521244906505,6.107228998077492e-05,526,0.17386521244906505,0.00013189015814997138
kin_tumor_to_fg_max_enh_diff,kin_fg_max_enh,-0.17099002583984654,8.102881875024373e-05,526,0.17099002583984654,0.00017406190694496803
v2_lcc_pred_to_gt_vol_ratio,kin_ring_auc_enh_norm,0.1705529232421535,8.455423626131533e-05,526,0.1705529232421535,0.00018067905222154748
kin_tumor_to_ring_max_enh_diff,kin_ring_auc_enh_norm,-0.16755282120207335,0.00011294348575601018,526,0.16755282120207335,0.00024007882312534101
kin_gt_washout_index,kin_fg_auc_enh_norm,0.16660080081749531,0.00012368372813350905,526,0.16660080081749531,0.00026153955011564935
early_dev_s,kin_gt_late_slope,0.16528044122823254,0.005314323216567015,283,0.16528044122823254,0.00946322467511495
n_phases,kin_tumor_to_fg_max_enh_diff,-0.16332451552376204,0.00016844095131623077,526,0.16332451552376204,0.0003536708624570799
v1_raw_pred_to_gt_vol_ratio,kin_ring_max_enh,0.1632893186711702,0.00016899543674057512,526,0.1632893186711702,0.0003536708624570799
v2_lcc_pred_to_gt_vol_ratio,kin_ring_auc_enh,0.16150421507987472,0.0001994723562693246,526,0.16150421507987472,0.00041531167510433736
v2_raw_pred_vol_cm3,kin_ring_auc_enh,0.1591689608506226,0.0002471473159785382,526,0.1591689608506226,0.0005119480116698292
v1_raw_pred_to_gt_vol_ratio,kin_ring_auc_enh,0.15738657832812997,0.00029049402489381046,526,0.15738657832812997,0.0005986831172938429
v2_lcc_pred_to_gt_vol_ratio,kin_tumor_to_ring_auc_norm_diff,0.15581000755508875,0.0003346556864598633,526,0.15581000755508875,0.0006862131752661843
v2_lcc_pred_to_gt_vol_ratio,v2_raw_largest_component_fraction,-0.1532045429480513,0.00042160422014515814,526,0.1532045429480513,0.000860157353662986
v2_raw_pred_to_gt_vol_ratio,kin_ring_max_enh,0.15259865162795158,0.00044463703150339983,526,0.15259865162795158,0.0009026131739519016
kin_gt_washout_index,kin_fg_max_enh,0.15240035425057982,0.00045242608487820713,526,0.15240035425057982,0.000913855673933095
v2_raw_pred_vol_cm3,v1_raw_pred_to_gt_vol_ratio,0.15217630876709817,0.00046137919826570327,526,0.15217630876709817,0.0009273265074053244
v2_raw_pred_to_gt_vol_ratio,kin_tumor_to_ring_auc_norm_diff,0.1519753619588397,0.00046954921274417784,526,0.1519753619588397,0.0009390984254883557
kin_tumor_to_fg_max_enh_diff,kin_ring_auc_enh,0.1500991437909642,0.0005525958857621518,526,0.1500991437909642,0.0010963928159458457
v2_lcc_pred_vol_cm3,kin_ring_auc_enh,0.15007816167226504,0.0005535973578051684,526,0.15007816167226504,0.0010963928159458457
v1_raw_pred_to_gt_vol_ratio,kin_tumor_to_ring_auc_norm_diff,0.1459768070112873,0.0007851649424966795,526,0.1459768070112873,0.0015399853461529078
v2_lcc_pred_to_gt_vol_ratio,v1_raw_largest_component_fraction,-0.1452493746179939,0.0008345960033031024,526,0.1452493746179939,0.001629067198755094
v2_raw_pred_to_gt_vol_ratio,kin_ring_auc_enh,0.14351292043862804,0.0009644562093549994,526,0.14351292043862804,0.0018735369425747835
late_dev_s,kin_tumor_to_ring_auc_norm_diff,-0.14218866198157193,0.0010757660484074121,526,0.14218866198157193,0.00207981436025433
v1_raw_pred_to_gt_vol_ratio,kin_ring_auc_enh_norm,0.13918914211091035,0.001373053563556263,526,0.13918914211091035,0.0026419893213452264
kin_gt_late_slope,kin_ring_auc_enh_norm,-0.13843341229241474,0.019820361852043052,283,0.13843341229241474,0.033811205512308734
late_dev_s,kin_fg_auc_enh,-0.1376915731305256,0.0015482166937811272,526,0.1376915731305256,0.002964981026769517
log_gt_vol_cm3,kin_tumor_to_ring_auc_norm_diff,-0.13725792537056525,0.0016026415135284887,526,0.13725792537056525,0.0030405254882830204
gt_vol_cm3,kin_tumor_to_ring_auc_norm_diff,-0.13725792537056525,0.0016026415135284887,526,0.13725792537056525,0.0030405254882830204
kin_tumor_to_ring_max_enh_diff,kin_fg_auc_enh,-0.13486759011221316,0.001935455009000759,526,0.13486759011221316,0.0036548592262991074
gt_vol_cm3,n_phases,-0.1337081517127432,0.002118694477227121,526,0.1337081517127432,0.003964009021908807
log_gt_vol_cm3,n_phases,-0.1337081517127432,0.002118694477227121,526,0.1337081517127432,0.003964009021908807
log_gt_vol_cm3,kin_gt_washout_index,-0.1332895426934998,0.002188657845164148,526,0.1332895426934998,0.004057511804276914
gt_vol_cm3,kin_gt_washout_index,-0.1332895426934998,0.002188657845164148,526,0.1332895426934998,0.004057511804276914
v1_raw_n_components,kin_gt_auc_enh,0.12993463468848362,0.0028303454175214187,526,0.12993463468848362,0.005199639092822153
late_dev_s,v2_raw_pred_vol_cm3,0.12821607543863608,0.0032215466006871234,526,0.12821607543863608,0.005886182806020043
n_phases,v1_raw_largest_component_fraction,-0.1281684685382019,0.0032330511471489395,526,0.1281684685382019,0.005886182806020043
v2_raw_pred_to_gt_vol_ratio,kin_ring_auc_enh_norm,0.12797091754646175,0.0032811906458788797,526,0.12797091754646175,0.005947158045655469
kin_gt_late_slope,kin_ring_auc_enh,0.12686010053252375,0.0329002940623579,283,0.12686010053252375,0.05343007755726923
late_dev_s,v2_lcc_pred_vol_cm3,0.1251555689520869,0.004041720504524895,526,0.1251555689520869,0.007293060110387144
kin_gt_late_slope,kin_ring_max_enh,-0.12465439959507439,0.03609001043622934,283,0.12465439959507439,0.05768718203586265
gt_vol_cm3,late_dev_s,0.12248059981240222,0.004908628226576225,526,0.12248059981240222,0.00877930863431695
log_gt_vol_cm3,late_dev_s,0.12248059981240222,0.004908628226576225,526,0.12248059981240222,0.00877930863431695
kin_gt_late_slope,kin_fg_auc_enh_norm,-0.12237828141694312,0.03965269883267384,283,0.12237828141694312,0.06288670205494366
kin_gt_late_slope,kin_fg_auc_enh,0.12044366038347216,0.042910079101591315,283,0.12044366038347216,0.06726444832141341
kin_gt_late_slope,kin_fg_max_enh,-0.11839255970376049,0.04660639023038268,283,0.11839255970376049,0.07249882924726196
n_phases,v2_lcc_pred_to_gt_vol_ratio,-0.11316654412815254,0.009387387935155976,526,0.11316654412815254,0.01664314192870448
v2_raw_n_components,kin_gt_auc_enh,0.10944239425854332,0.01201837443128439,526,0.10944239425854332,0.021215043561310706
n_phases,v2_raw_largest_component_fraction,-0.10703869608836611,0.01404466747470624,526,0.10703869608836611,0.02468456707675642
v2_lcc_pred_vol_cm3,kin_gt_washout_index,-0.10634793486178187,0.01468003265370207,526,0.10634793486178187,0.025690057143978623
v1_raw_largest_component_fraction,kin_fg_auc_enh,-0.1062213321487064,0.014799183118346399,526,0.1062213321487064,0.025787417794200164
kin_tumor_to_ring_auc_norm_diff,kin_ring_auc_enh,-0.10456024332951627,0.01644303211106079,526,0.10456024332951627,0.02852936340637043
gt_vol_cm3,kin_tumor_to_ring_max_enh_diff,-0.10378902646548623,0.01725915294996675,526,0.10378902646548623,0.029691593634264837
log_gt_vol_cm3,kin_tumor_to_ring_max_enh_diff,-0.10378902646548623,0.01725915294996675,526,0.10378902646548623,0.029691593634264837
v2_raw_n_components,kin_tumor_to_fg_max_enh_diff,0.10323399848552102,0.017868213870176293,526,0.10323399848552102,0.030609682832453904
log_gt_vol_cm3,kin_gt_auc_enh,-0.10077663838747813,0.020795872924149313,526,0.10077663838747813,0.03517968503001925
gt_vol_cm3,kin_gt_auc_enh,-0.10077663838747813,0.020795872924149313,526,0.10077663838747813,0.03517968503001925
v2_raw_pred_vol_cm3,kin_gt_max_enh,0.09876535625902513,0.023493974472934262,526,0.09876535625902513,0.03957906073033739
v2_raw_pred_vol_cm3,kin_tumor_to_fg_max_enh_diff,0.09811848399362198,0.024423827673534616,526,0.09811848399362198,0.040975512543202704
v2_raw_pred_to_gt_vol_ratio,kin_tumor_to_ring_max_enh_diff,0.09719901010815218,0.025800177236298655,526,0.09719901010815218,0.043106468962704744
v2_lcc_pred_vol_cm3,kin_tumor_to_fg_max_enh_diff,0.09667368090878918,0.026616168692280666,526,0.09667368090878918,0.04428755938141783
kin_gt_auc_enh,kin_fg_max_enh,0.09577679814719951,0.02806069444571158,526,0.09577679814719951,0.046352034779801654
early_dev_s,kin_tumor_to_ring_auc_norm_diff,-0.09576191484978704,0.02808522304391923,526,0.09576191484978704,0.046352034779801654
v1_raw_n_components,kin_tumor_to_fg_max_enh_diff,0.0954455780166388,0.02861094075189383,526,0.0954455780166388,0.04702850989987407
v1_raw_pred_to_gt_vol_ratio,kin_gt_washout_index,0.09517630733836849,0.029065076335452317,526,0.09517630733836849,0.04758234271045823
v2_raw_largest_component_fraction,kin_fg_auc_enh,-0.09396192771233354,0.0311908244996173,526,0.09396192771233354,0.05085732830058082
v1_raw_pred_to_gt_vol_ratio,kin_fg_auc_enh,0.09225548774642937,0.03440181366723048,526,0.09225548774642937,0.05564596154938476
v2_lcc_pred_to_gt_vol_ratio,kin_tumor_to_ring_max_enh_diff,0.09192698053095885,0.03505125810023146,526,0.09192698053095885,0.05647147138370624
v2_raw_pred_vol_cm3,kin_gt_washout_index,-0.09142946062361089,0.03605469147351071,526,0.09142946062361089,0.05768718203586265
v2_raw_pred_vol_cm3,kin_gt_auc_enh_norm,0.09082000026798405,0.0373170792764791,526,0.09082000026798405,0.059414643867649074
v2_lcc_pred_vol_cm3,kin_gt_max_enh,0.08906911801438494,0.0411542352952369,526,0.08906911801438494,0.06501408377379837
v2_raw_pred_to_gt_vol_ratio,kin_gt_washout_index,0.08868042397574522,0.042049865923512196,526,0.08868042397574522,0.06617149443777501
n_phases,v1_raw_n_components,0.0881937385075431,0.04319442571236402,526,0.0881937385075431,0.06744975707392227
v2_lcc_pred_to_gt_vol_ratio,kin_gt_washout_index,0.08576802404684343,0.04929777181907944,526,0.08576802404684343,0.07613464912573761
v1_raw_pred_to_gt_vol_ratio,kin_tumor_to_ring_max_enh_diff,0.0857601316007821,0.04931875054204186,526,0.0857601316007821,0.07613464912573761
v2_lcc_pred_vol_cm3,kin_gt_auc_enh_norm,0.08277800681252573,0.05779779457930766,526,0.08277800681252573,0.08888600226969283
v1_raw_largest_component_fraction,kin_gt_washout_index,-0.08267862551786108,0.05809997489774463,526,0.08267862551786108,0.08901354644711064
v2_lcc_pred_to_gt_vol_ratio,kin_gt_late_slope,0.08197784557128501,0.16904065585897413,283,0.08197784557128501,0.22707750485421502
gt_vol_cm3,kin_ring_auc_enh_norm,0.0817574393917999,0.06096372538916698,526,0.0817574393917999,0.09270139516105541
log_gt_vol_cm3,kin_ring_auc_enh_norm,0.0817574393917999,0.06096372538916698,526,0.0817574393917999,0.09270139516105541
n_phases,v2_raw_second_largest_component_fraction,0.08092361583109686,0.0636554819943489,526,0.08092361583109686,0.09643330481233453
early_dev_s,kin_tumor_to_fg_max_enh_diff,0.08021508231457676,0.06601902604728042,526,0.08021508231457676,0.09964209879254964
kin_gt_auc_enh,kin_fg_auc_enh_norm,0.0793290916268384,0.0690755109378829,526,0.0793290916268384,0.10386910163252022
log_gt_vol_cm3,kin_fg_auc_enh,-0.07847632515535344,0.07212591278959263,526,0.07847632515535344,0.10762807551100666
gt_vol_cm3,kin_fg_auc_enh,-0.07847632515535344,0.07212591278959263,526,0.07847632515535344,0.10762807551100666
kin_tumor_to_ring_max_enh_diff,kin_fg_auc_enh_norm,-0.07840920545821664,0.07237060249878034,526,0.07840920545821664,0.10762807551100666
kin_gt_auc_enh,kin_gt_late_slope,-0.07810119116321868,0.19017817901385553,283,0.07810119116321868,0.2531552153430339
v2_lcc_pred_vol_cm3,v2_raw_pred_to_gt_vol_ratio,0.07722669651376865,0.07679377349095474,526,0.07722669651376865,0.11378931400484535
v2_raw_pred_vol_cm3,v1_raw_largest_component_fraction,0.07658155424564035,0.07929807906825312,526,0.07658155424564035,0.11707280036985733
kin_tumor_to_ring_max_enh_diff,kin_fg_max_enh,-0.07615286222424698,0.08099849720952733,526,0.07615286222424698,0.11914996328647859
v2_raw_largest_component_fraction,kin_fg_auc_enh_norm,-0.07547762487798995,0.08373659364630598,526,0.07547762487798995,0.12230443984883907
v1_raw_largest_component_fraction,kin_fg_auc_enh_norm,-0.07547548100559984,0.08374540462555975,526,0.07547548100559984,0.12230443984883907
v1_raw_largest_component_fraction,kin_fg_max_enh,-0.07465429542355394,0.08717579627847165,526,0.07465429542355394,0.12667743087602382
n_phases,kin_tumor_to_ring_auc_norm_diff,0.07454055203530176,0.08765973592917041,526,0.07454055203530176,0.12667743087602382
kin_tumor_to_ring_auc_norm_diff,kin_fg_auc_enh_norm,0.07453679472524935,0.0876757588082825,526,0.07453679472524935,0.12667743087602382
early_dev_s,v2_raw_pred_vol_cm3,0.07292231485120486,0.0947815954916977,526,0.07292231485120486,0.1364586091121605
v2_raw_largest_component_fraction,kin_fg_max_enh,-0.07261901841565768,0.09616648448933891,526,0.07261901841565768,0.1379632250977795
v1_raw_pred_to_gt_vol_ratio,kin_gt_late_slope,0.07153968090930365,0.2302578654982976,283,0.07153968090930365,0.29415208086566125
late_dev_s,v1_raw_n_components,-0.07058333083721866,0.10588414951566014,526,0.07058333083721866,0.1513695940259085
n_phases,v2_raw_pred_to_gt_vol_ratio,-0.07028163090026071,0.10738823404777462,526,0.07028163090026071,0.1529811334154263
gt_vol_cm3,kin_gt_auc_enh_norm,-0.06986678100652748,0.10948390733791698,526,0.06986678100652748,0.15487967379510206
log_gt_vol_cm3,kin_gt_auc_enh_norm,-0.06986678100652748,0.10948390733791698,526,0.06986678100652748,0.15487967379510206
kin_tumor_to_ring_auc_norm_diff,kin_fg_max_enh,0.06978894194744008,0.10988069069558289,526,0.06978894194744008,0.15490125146668976
n_phases,kin_ring_auc_enh,0.06959945069563865,0.11085135646751262,526,0.06959945069563865,0.1552900758927914
v2_lcc_pred_vol_cm3,kin_fg_auc_enh,-0.06958581147292922,0.11092148278056528,526,0.06958581147292922,0.1552900758927914
late_dev_s,kin_gt_washout_index,-0.06643342814829611,0.12808760178201406,526,0.06643342814829611,0.17870641348281
v2_raw_pred_to_gt_vol_ratio,kin_gt_late_slope,0.0662377391936008,0.26674938972960405,283,0.0662377391936008,0.33323154532375154
v2_lcc_pred_vol_cm3,kin_tumor_to_ring_auc_norm_diff,-0.06474606068078381,0.13808651654659226,526,0.06474606068078381,0.19199700588327553
late_dev_s,v1_raw_largest_component_fraction,0.06406721993707554,0.14227435354640267,526,0.06406721993707554,0.19714466737146583
v1_raw_pred_to_gt_vol_ratio,kin_fg_max_enh,0.0636298439405199,0.14502364610385743,526,0.0636298439405199,0.2002707493815174
late_dev_s,v2_raw_n_components,-0.06291073624920977,0.14963182087985089,526,0.06291073624920977,0.2059339636515914
v2_lcc_pred_vol_cm3,kin_tumor_to_ring_max_enh_diff,-0.062431791616259044,0.15276224190621976,526,0.062431791616259044,0.2095319939659636
v1_raw_largest_component_fraction,kin_tumor_to_ring_max_enh_diff,-0.061675951626817785,0.15780319992656433,526,0.061675951626817785,0.2153545778880886
gt_vol_cm3,kin_gt_max_enh,-0.061558368471882806,0.15859856844467607,526,0.061558368471882806,0.2153545778880886
log_gt_vol_cm3,kin_gt_max_enh,-0.061558368471882806,0.15859856844467607,526,0.061558368471882806,0.2153545778880886
early_dev_s,v2_lcc_pred_vol_cm3,0.06045805940257698,0.1661886208597886,526,0.06045805940257698,0.22463091552087774
v2_raw_second_largest_component_fraction,kin_fg_auc_enh,0.06040851076110562,0.16653671323099556,526,0.06040851076110562,0.22463091552087774
v2_raw_second_largest_component_fraction,kin_gt_washout_index,0.05999414448280496,0.16946917234193878,526,0.05999414448280496,0.22707750485421502
v2_raw_pred_vol_cm3,v2_raw_largest_component_fraction,0.05943601726229557,0.17347982520350222,526,0.05943601726229557,0.2316868718178352
v2_raw_n_components,kin_gt_washout_index,-0.05696402203606104,0.19209606669193816,526,0.05696402203606104,0.25487255907492445
early_dev_s,v2_raw_n_components,-0.05679513285099146,0.19341944354342736,526,0.05679513285099146,0.25520706355359285
late_dev_s,v2_raw_largest_component_fraction,0.056771474277101476,0.193605358557898,526,0.056771474277101476,0.25520706355359285
v2_raw_second_largest_component_fraction,kin_ring_max_enh,-0.05598463008409546,0.1998633264755081,526,0.05598463008409546,0.2617932396750181
v1_raw_pred_to_gt_vol_ratio,kin_fg_auc_enh_norm,0.05592047882565267,0.20037995792798818,526,0.05592047882565267,0.2617932396750181
v1_raw_largest_component_fraction,kin_tumor_to_ring_auc_norm_diff,-0.055901101517511216,0.2005362008348045,526,0.055901101517511216,0.2617932396750181
v2_raw_pred_vol_cm3,kin_tumor_to_ring_auc_norm_diff,-0.0550998704400195,0.20707451855511355,526,0.0550998704400195,0.26946235427364135
gt_vol_cm3,early_dev_s,0.05458027327665682,0.21139625141913448,526,0.05458027327665682,0.2733340066120019
log_gt_vol_cm3,early_dev_s,0.05458027327665682,0.21139625141913448,526,0.05458027327665682,0.2733340066120019
v2_raw_pred_vol_cm3,kin_tumor_to_ring_max_enh_diff,-0.05343251491691979,0.2211722921293708,526,0.05343251491691979,0.2850665098556335
late_dev_s,kin_tumor_to_ring_max_enh_diff,-0.052444212138233776,0.2298455930316241,526,0.052444212138233776,0.29415208086566125
v2_raw_largest_component_fraction,kin_gt_washout_index,-0.052382509886013354,0.23039497959428643,526,0.052382509886013354,0.29415208086566125
v2_lcc_pred_vol_cm3,v1_raw_pred_to_gt_vol_ratio,0.051316513925719245,0.24003368646420345,526,0.051316513925719245,0.30549741913625894
gt_vol_cm3,kin_tumor_to_fg_max_enh_diff,-0.0508569820667136,0.24427498400521613,526,0.0508569820667136,0.3089583909847905
log_gt_vol_cm3,kin_tumor_to_fg_max_enh_diff,-0.0508569820667136,0.24427498400521613,526,0.0508569820667136,0.3089583909847905
early_dev_s,v1_raw_n_components,-0.050591022437256966,0.24675352111241072,526,0.050591022437256966,0.3103854597955381
log_gt_vol_cm3,kin_ring_max_enh,0.05049029743137289,0.24769677087131614,526,0.05049029743137289,0.3103854597955381
gt_vol_cm3,kin_ring_max_enh,0.05049029743137289,0.24769677087131614,526,0.05049029743137289,0.3103854597955381
log_gt_vol_cm3,kin_gt_late_slope,-0.04970663012735461,0.40483963214051377,283,0.04970663012735461,0.476419972895793
gt_vol_cm3,kin_gt_late_slope,-0.04970663012735461,0.40483963214051377,283,0.04970663012735461,0.476419972895793
early_dev_s,kin_fg_auc_enh,-0.04804368866784329,0.2713839998245776,526,0.04804368866784329,0.3379813003950261
v2_raw_pred_vol_cm3,kin_gt_auc_enh,0.04737145784353236,0.27815473310134076,526,0.04737145784353236,0.3453541946151203
n_phases,kin_tumor_to_ring_max_enh_diff,-0.04638654693188122,0.28828027283603036,526,0.04638654693188122,0.3568347279616717
v2_raw_pred_vol_cm3,kin_fg_auc_enh,-0.04531235086945362,0.2996029544324091,526,0.04531235086945362,0.36972279483148357
v2_raw_largest_component_fraction,kin_ring_max_enh,0.04486015870839934,0.30445663139807405,526,0.04486015870839934,0.3745739162049032
early_dev_s,v2_raw_pred_to_gt_vol_ratio,0.04435492142519904,0.3099409167482764,526,0.04435492142519904,0.3801692211474327
v1_raw_largest_component_fraction,kin_ring_max_enh,0.043832419267228535,0.31568062078130105,526,0.043832419267228535,0.3860431687867718
v1_raw_largest_component_fraction,kin_gt_auc_enh,-0.04286709949526235,0.326466610551262,526,0.04286709949526235,0.3972076032235752
n_phases,v2_raw_n_components,0.042836186203361146,0.3268159200524885,526,0.042836186203361146,0.3972076032235752
v2_raw_second_largest_component_fraction,kin_fg_auc_enh_norm,0.042754051454998776,0.32774518985196477,526,0.042754051454998776,0.3972076032235752
v2_raw_pred_to_gt_vol_ratio,kin_fg_auc_enh,0.04254205545826818,0.33015159902081337,526,0.04254205545826818,0.3989331821501495
late_dev_s,kin_tumor_to_fg_max_enh_diff,0.04181480811137377,0.3384931582495234,526,0.04181480811137377,0.4077988790780609
early_dev_s,v1_raw_pred_to_gt_vol_ratio,0.04127758168013404,0.3447410454533699,526,0.04127758168013404,0.4140972321126278
v2_raw_largest_component_fraction,kin_tumor_to_ring_max_enh_diff,-0.039278834310616184,0.36862511133793263,526,0.039278834310616184,0.44148022183835
gt_vol_cm3,kin_ring_auc_enh,0.03867599388584086,0.3760256304260341,526,0.03867599388584086,0.4477020702433134
log_gt_vol_cm3,kin_ring_auc_enh,0.03867599388584086,0.3760256304260341,526,0.03867599388584086,0.4477020702433134
v2_raw_second_largest_component_fraction,kin_fg_max_enh,0.03826684408584972,0.38110010711607667,526,0.03826684408584972,0.4513585190879444
v1_raw_n_components,kin_gt_washout_index,-0.03824917979536534,0.3813201281949875,526,0.03824917979536534,0.4513585190879444
v1_raw_largest_component_fraction,kin_gt_auc_enh_norm,-0.0362176319074177,0.4071406123933594,526,0.0362176319074177,0.47774303072746793
v1_raw_largest_component_fraction,kin_gt_max_enh,-0.035899266857485054,0.41127915623955047,526,0.035899266857485054,0.4812084652255259
v2_raw_second_largest_component_fraction,kin_ring_auc_enh_norm,-0.034934111998779646,0.42397678046600784,526,0.034934111998779646,0.4946395772103425
early_dev_s,v2_lcc_pred_to_gt_vol_ratio,0.03407679633052473,0.4354450447694389,526,0.03407679633052473,0.5065635764366538
v2_raw_largest_component_fraction,kin_tumor_to_ring_auc_norm_diff,-0.03378623324713179,0.4393720111318774,526,0.03378623324713179,0.5096715329129778
n_phases,kin_gt_auc_enh,-0.03287744430028973,0.4517843645228249,526,0.03287744430028973,0.5225767863141507
v2_lcc_pred_vol_cm3,kin_gt_auc_enh,0.03114386993999982,0.47600132123412264,526,0.03114386993999982,0.5490242511961756
v1_raw_largest_component_fraction,kin_ring_auc_enh_norm,0.02968789134689814,0.4968765268059805,526,0.02968789134689814,0.5714783849383231
late_dev_s,v2_lcc_pred_to_gt_vol_ratio,0.026208850597408843,0.5486629433982058,526,0.026208850597408843,0.6292575000555692
v2_raw_largest_component_fraction,kin_ring_auc_enh_norm,0.025842361475437715,0.5542689883133924,526,0.025842361475437715,0.6330485011560576
early_dev_s,kin_gt_washout_index,-0.025789045635976917,0.5550868630826515,526,0.025789045635976917,0.6330485011560576
v2_raw_pred_to_gt_vol_ratio,kin_fg_max_enh,0.024589185606782884,0.5736468209586507,526,0.024589185606782884,0.6523826591294459
v2_raw_second_largest_component_fraction,kin_gt_late_slope,0.02453961419823353,0.6810322118084723,283,0.02453961419823353,0.7534034822731329
late_dev_s,v2_raw_second_largest_component_fraction,-0.024284725080547385,0.5784025766083916,526,0.024284725080547385,0.6559537600642653
v2_raw_pred_vol_cm3,kin_fg_max_enh,0.022894124655872403,0.6003556329233695,526,0.022894124655872403,0.6789537241417494
v2_raw_n_components,kin_gt_late_slope,0.02255006529948878,0.70563871280974,283,0.02255006529948878,0.7742954524344714
late_dev_s,v2_raw_pred_to_gt_vol_ratio,0.022140637070490243,0.6124055349623124,526,0.022140637070490243,0.6906573533186079
gt_vol_cm3,kin_fg_auc_enh_norm,-0.021346248790206624,0.6252236583679717,526,0.021346248790206624,0.701217694191703
log_gt_vol_cm3,kin_fg_auc_enh_norm,-0.021346248790206624,0.6252236583679717,526,0.021346248790206624,0.701217694191703
v1_raw_n_components,kin_gt_late_slope,0.02026062191794666,0.7343364946504609,283,0.02026062191794666,0.7908239173158809
v1_raw_n_components,kin_tumor_to_ring_auc_norm_diff,0.020182428211301083,0.6442078437496271,526,0.020182428211301083,0.7205189657364977
v2_raw_largest_component_fraction,kin_gt_auc_enh,-0.019988847740739862,0.6473885318006627,526,0.019988847740739862,0.7220872085468929
v2_raw_second_largest_component_fraction,kin_tumor_to_fg_max_enh_diff,-0.01968730384340661,0.6523559467226234,526,0.01968730384340661,0.725634285943521
v2_raw_pred_vol_cm3,v2_raw_second_largest_component_fraction,-0.018110897983626174,0.6785711955827721,526,0.018110897983626174,0.7527319819852609
v1_raw_largest_component_fraction,kin_gt_late_slope,0.017771087845772474,0.7659654914985589,283,0.017771087845772474,0.8205329539536014
v2_raw_largest_component_fraction,kin_tumor_to_fg_max_enh_diff,0.01730529670472384,0.692121958737843,526,0.01730529670472384,0.7635910740422942
v2_lcc_pred_vol_cm3,kin_gt_late_slope,0.016916021351778058,0.77692212105064,283,0.016916021351778058,0.8279012628518629
v2_raw_second_largest_component_fraction,kin_gt_auc_enh,0.016524267501677476,0.7053539569060447,526,0.016524267501677476,0.7742954524344714
early_dev_s,v1_raw_largest_component_fraction,0.01604896169859647,0.7134504890391105,526,0.01604896169859647,0.7790484600864026
v2_raw_n_components,kin_tumor_to_ring_auc_norm_diff,0.016028021064180782,0.7138079486505955,526,0.016028021064180782,0.7790484600864026
v2_raw_largest_component_fraction,kin_gt_late_slope,-0.016019128075724476,0.7884622953886218,283,0.016019128075724476,0.8293152640616074
v2_raw_largest_component_fraction,kin_gt_auc_enh_norm,-0.015841856428576582,0.7169885514812786,526,0.015841856428576582,0.7804218549635366
v2_raw_pred_to_gt_vol_ratio,kin_fg_auc_enh_norm,0.015176678791227026,0.7283927321159127,526,0.015176678791227026,0.7907151049172741
log_gt_vol_cm3,kin_fg_max_enh,-0.01484454348401939,0.7341097521113691,526,0.01484454348401939,0.7908239173158809
gt_vol_cm3,kin_fg_max_enh,-0.01484454348401939,0.7341097521113691,526,0.01484454348401939,0.7908239173158809
early_dev_s,v2_raw_largest_component_fraction,0.014368669880400801,0.7423265365809335,526,0.014368669880400801,0.7973136874387804
early_dev_s,v2_raw_second_largest_component_fraction,0.012482150122697969,0.7751811986903796,526,0.012482150122697969,0.8279012628518629
v2_raw_largest_component_fraction,kin_gt_max_enh,-0.012029474122532613,0.7831273540480248,526,0.012029474122532613,0.8293152640616074
kin_tumor_to_ring_auc_norm_diff,kin_fg_auc_enh,-0.01202790744655522,0.7831548948024677,526,0.01202790744655522,0.8293152640616074
v2_raw_second_largest_component_fraction,kin_gt_max_enh,-0.011890617156957228,0.7855693831406704,526,0.011890617156957228,0.8293152640616074
v2_raw_second_largest_component_fraction,kin_tumor_to_ring_auc_norm_diff,0.011764293599200995,0.7877928215240395,526,0.011764293599200995,0.8293152640616074
v2_raw_second_largest_component_fraction,kin_tumor_to_ring_max_enh_diff,0.011283736357292825,0.7962667983884859,526,0.011283736357292825,0.8353600003765512
n_phases,v1_raw_pred_to_gt_vol_ratio,-0.010964079382639935,0.801916880138148,526,0.010964079382639935,0.8390186978727534
v2_lcc_pred_vol_cm3,kin_fg_auc_enh_norm,-0.010852735773968562,0.803887373084978,526,0.010852735773968562,0.8390186978727534
v2_raw_pred_vol_cm3,kin_gt_late_slope,0.009810762931093819,0.8694823393819642,283,0.009810762931093819,0.9007428380143518
v2_lcc_pred_to_gt_vol_ratio,kin_fg_auc_enh_norm,-0.008190540781503329,0.8513440734359385,526,0.008190540781503329,0.8862710097820283
v2_raw_pred_vol_cm3,kin_fg_auc_enh_norm,0.007170387350328332,0.869682740151788,526,0.007170387350328332,0.9007428380143518
v1_raw_largest_component_fraction,kin_ring_auc_enh,-0.006926975377419458,0.8740691382140986,526,0.006926975377419458,0.9029823667046414
v2_lcc_pred_to_gt_vol_ratio,kin_fg_auc_enh,0.006607043651509419,0.8798403118333549,526,0.006607043651509419,0.9066374786912236
v1_raw_largest_component_fraction,kin_tumor_to_fg_max_enh_diff,-0.005850833894210205,0.8935061862422855,526,0.005850833894210205,0.9183886369983998
v2_raw_largest_component_fraction,kin_ring_auc_enh,0.00452188038222771,0.917596522212105,526,0.00452188038222771,0.9407681515608954
v2_lcc_pred_vol_cm3,kin_fg_max_enh,0.004161215166685362,0.9241483876729353,526,0.004161215166685362,0.9450988548997776
kin_tumor_to_ring_auc_norm_diff,kin_ring_auc_enh_norm,0.004029779212065055,0.9265373608005423,526,0.004029779212065055,0.945161227349297
early_dev_s,kin_tumor_to_ring_max_enh_diff,0.0038814308094809093,0.9292345261905905,526,0.0038814308094809093,0.9455368862991974
v2_lcc_pred_to_gt_vol_ratio,kin_fg_max_enh,0.003106594778227739,0.9433345181980504,526,0.003106594778227739,0.9574845359710211
kin_tumor_to_ring_auc_norm_diff,kin_ring_max_enh,-0.0010790686935880694,0.9803028404287937,526,0.0010790686935880694,0.9925260678655616
v2_raw_second_largest_component_fraction,kin_gt_auc_enh_norm,-0.0007441298609471999,0.9864160424855365,526,0.0007441298609471999,0.9944385425737483
v2_raw_n_components,kin_tumor_to_ring_max_enh_diff,-0.0005895716646803028,0.9892372817060349,526,0.0005895716646803028,0.9944385425737483
v1_raw_n_components,kin_tumor_to_ring_max_enh_diff,-0.0005729973612693631,0.9895398305413654,526,0.0005729973612693631,0.9944385425737483
v2_raw_second_largest_component_fraction,kin_ring_auc_enh,0.00043772102242098853,0.992009229286738,526,0.00043772102242098853,0.9944586347911497
late_dev_s,v1_raw_pred_to_gt_vol_ratio,0.00018586521449411736,0.9966069104980471,526,0.00018586521449411736,0.9966069104980471
